{"model_version": "vgg16-gram-3layer-pca256-v1", "dim": 40, "embeddings": {"fatale-2-1773102971": [-0.54762, -0.09002, 0.02689, 0.59976, 0.0234, -0.13972, -0.04939, -0.16675, 0.16209, -0.15706, -0.0648, 0.13472, -0.03252, 0.07364, 0.10288, 0.01868, -0.02701, 0.11648, -0.09577, 0.07658, 0.06774, -0.13728, -0.07857, 0.1217, -0.24783, -0.04386, -0.01437, -0.02041, 0.0187, 0.0778, -0.0367, 0.05567, 0.06642, -0.16231, -0.02534, -0.0638, -0.07811, 0.00948, 0.01827, -0.0], "heavy-liquid-1-1773021261": [-0.40605, -0.02408, 0.20085, -0.37238, -0.07443, -0.11556, -0.12978, 0.06867, -0.28161, 0.28416, 0.13322, 0.09078, 0.00967, -0.0775, 0.03547, 0.33072, 0.10634, -0.10106, 0.017, 0.13317, -0.10678, 0.07595, 0.09046, -0.01366, -0.06212, -0.20851, -0.08693, 0.03461, -0.06125, 0.18684, -0.15995, 0.3105, -0.08723, 0.04171, -0.06629, 0.11117, -0.00771, -0.03522, -0.05554, -0.0], "heavy-liquid-3-1773012418": [0.41594, -0.22581, 0.65325, 0.06543, -0.27231, -0.03118, -0.26762, -0.00746, -0.09607, 0.19037, 0.24575, 0.03656, -0.04117, -0.12173, -0.06688, 0.10295, 0.06551, 0.01443, 0.00037, 0.03037, 0.05049, -0.01316, -0.07984, 0.08862, -0.02268, -0.05082, -0.03018, -0.07305, -0.02582, -0.13464, 0.04625, -0.02561, 0.06715, 0.01458, 0.01053, -0.01113, 0.0258, -0.00281, 0.0217, -0.0], "under-the-trees-where-nobody-sees-rite-of-spring-6-1773012198": [-0.81296, 0.18444, -0.33947, 0.12152, -0.12625, -0.10492, 0.04585, 0.00311, 0.0594, -0.04019, -0.09835, 0.03678, -0.02714, 0.04867, 0.07286, 0.09885, -0.04145, -0.039, -0.06822, -0.1117, 0.06216, 0.0417, 0.0285, -0.00318, -0.02693, 0.03912, -0.07099, -0.08267, 0.04582, -0.05372, 0.09952, 0.08811, 0.01, 0.00164, 0.08377, -0.04188, 0.12492, -0.1345, -0.07423, -0.0], "the-nice-house-by-the-sea-8-1772918924": [-0.54643, 0.03397, 0.01192, 0.58564, -0.15375, -0.25262, 0.12076, -0.06196, 0.25265, -0.08053, -0.03635, 0.04235, 0.0255, 0.06845, -0.05909, 0.06805, -0.122, 0.04355, 0.04566, 0.03299, 0.00554, -0.10473, -0.05925, -0.01373, -0.05393, 0.03894, 0.08159, -0.20131, 0.00471, -0.0243, -0.04271, -0.02803, -0.12521, 0.21454, -0.05051, 0.08167, -0.00842, 0.05622, -0.02706, -0.0], "space-riders-2-1772905823": [0.71232, 0.45639, 0.38781, 0.07678, 0.0052, 0.15144, 0.05638, -0.01878, -0.08108, -0.13167, -0.04766, 0.05519, -0.06558, 0.1696, -0.12934, 0.0226, -0.00129, 0.00878, -0.10688, -0.05469, -0.0656, 0.0205, 0.00116, -0.03124, 0.00126, -0.02398, -0.01861, 0.00073, 0.02225, 0.01033, 0.00274, 0.00095, 0.00438, 0.00495, -0.01204, -0.00071, 0.00192, -0.00104, -0.00838, -0.0], "under-the-trees-where-nobody-sees-rite-of-spring-5-1772599998": [-0.70932, 0.22745, -0.21686, -0.08034, -0.15085, 0.07233, -0.16309, 0.16856, 0.08828, -0.01821, -0.06646, -0.28887, 0.02319, 0.02415, -0.05316, -0.03691, -0.08103, -0.1335, -0.14387, -0.10403, 0.05432, 0.08913, 0.06639, 0.08936, 0.04388, 0.04696, -0.03864, -0.06799, -0.0583, 0.01206, 0.08647, 0.03352, 0.17162, 0.03602, 0.03849, 0.17383, -0.20099, -0.03009, 0.04491, -0.0], "dark-spaces-wildfire-1-1772597937": [-0.22214, 0.26357, -0.10456, -0.41584, -0.2574, 0.16271, 0.39782, -0.07891, 0.03122, 0.19604, 0.00899, 0.16944, -0.10424, -0.01964, 0.13794, -0.41044, -0.05235, -0.02272, -0.03321, 0.08764, 0.11561, -0.07241, 0.11733, -0.10251, -0.11091, -0.25605, -0.00398, 0.01275, 0.1284, -0.0697, -0.03374, -0.04158, 0.08516, 0.07346, -0.03322, 0.03369, 0.01427, -0.02573, 0.01546, -0.0], "the-many-deaths-of-laila-starr-4-1772597713": [-0.39373, 0.09507, -0.14901, -0.36076, 0.2051, -0.15316, 0.0855, -0.39746, -0.0357, 0.13378, 0.18818, -0.11193, -0.23351, -0.12487, -0.01276, 0.24154, 0.09657, -0.05343, -0.15528, 0.01071, 0.0286, -0.03574, 0.01871, -0.11121, -0.06532, -0.00115, -0.18666, 0.06293, 0.09742, 0.05632, 0.09162, -0.15353, -0.20949, 0.09003, 0.09814, -0.14401, -0.17607, -0.03986, 0.05629, -0.0], "heavy-metal-12-1772412303": [-0.16813, -0.45812, -0.17151, 0.02159, 0.02369, -0.12093, 0.03606, -0.50569, -0.13131, -0.41075, -0.03446, 0.28816, -0.12366, -0.11815, 0.1102, 0.0306, 0.0183, -0.18924, 0.00614, -0.12345, -0.11357, -0.04521, 0.0403, 0.12697, 0.16129, -0.04347, 0.03944, 0.0998, -0.00869, -0.11788, -0.02547, 0.04398, 0.04403, 0.0451, -0.00498, -0.0078, -0.03129, 0.0403, -0.02239, -0.0], "absolute-martian-manhunter-8-1772397781": [-0.32404, 0.09027, 0.32173, -0.01356, 0.34351, -0.02144, -0.59205, 0.05001, 0.28956, -0.06712, 0.15322, -0.09782, -0.18389, 0.03182, -0.02544, -0.08414, -0.08476, 0.01352, 0.17441, -0.2335, 0.14907, -0.04494, 0.06058, -0.07196, 0.0604, -0.05638, 0.0209, 0.02655, 0.0623, 0.05265, -0.07538, 0.02679, -0.0084, -0.00182, 0.02013, -0.02235, 0.01376, 0.0113, -0.00087, -0.0], "frank-1-1772394369": [-0.58594, -0.28226, -0.04495, -0.0235, 0.35589, 0.06432, -0.05175, 0.08131, -0.19092, -0.05041, -0.04142, 0.15145, -0.16364, -0.10451, -0.20604, -0.04634, 0.03014, 0.2818, -0.07891, 0.26667, 0.08942, 0.16269, 0.10659, 0.00212, 0.15053, 0.12708, 0.07346, -0.06523, 0.16228, -0.03607, -0.0347, 0.07286, 0.02129, -0.00198, 0.01394, -0.0224, -0.03171, 0.00958, -0.0074, -0.0], "red-book-4-1772394229": [-0.31111, 0.01331, -0.26062, 0.35541, 0.15272, 0.71989, 0.07254, -0.19062, -0.14134, 0.23492, -0.04722, -0.04168, 0.00149, -0.1213, -0.08145, 0.02431, -0.02096, 0.01237, 0.07996, -0.09307, -0.03163, -0.06438, -0.02372, 0.02004, -0.01141, 0.02781, -0.01458, -0.02184, -0.01147, 0.00182, -0.02788, 0.00227, -0.00066, -0.00847, -0.01156, -0.00206, 0.00324, -0.00078, -0.00816, -0.0], "hyde-street-10-1772390798": [-0.54928, 0.17923, 0.08534, -0.30164, -0.43129, 0.04554, -0.00805, 0.22849, -0.10576, 0.1714, -0.03771, 0.01751, 0.08326, 0.13738, 0.12985, -0.02429, -0.0258, -0.05655, -0.01708, -0.11254, -0.04878, -0.03243, 0.06683, -0.16841, 0.06608, 0.04764, 0.22217, -0.1013, -0.10492, -0.1628, 0.00895, 0.11125, -0.0999, -0.08658, -0.11572, -0.16587, -0.10357, -0.01925, 0.05668, -0.0], "space-riders-galaxy-of-brutality-1-1772313901": [-0.07336, 0.49986, 0.25685, 0.22204, -0.60033, 0.02746, 0.16837, 0.0613, 0.15534, 0.06383, 0.16772, 0.18944, -0.1195, -0.15858, 0.11097, -0.11475, -0.01424, -0.01956, 0.06117, -0.01532, -0.00617, 0.11055, -0.09787, 0.01504, 0.03761, 0.17399, 0.00441, 0.10188, 0.01711, 0.09739, 0.00893, 0.01556, -0.01143, -0.00086, 0.00359, 0.00381, -0.00749, 0.00473, -0.00599, -0.0], "creatures-of-the-id-1-1772261881": [0.28516, 0.74052, 0.279, -0.08807, 0.35, -0.03074, 0.09481, 0.01315, 0.03732, -0.09652, -0.12127, -0.03944, 0.15012, -0.19687, 0.15201, 0.01706, 0.13736, 0.07354, 0.03371, 0.01162, 0.04652, -0.06353, 0.05704, 0.04045, 0.01725, 0.01739, 0.00053, -0.02479, -0.04373, -0.01381, 0.00249, 0.00608, 6e-05, 0.0138, 0.00735, 0.00251, 0.00476, -0.00489, 0.01228, -0.0], "eightball-13-1772234666": [-0.43228, 0.15231, -0.26217, -0.02464, 0.4173, -0.0453, -0.11399, 0.27655, 0.04387, 0.08396, 0.1461, -0.04885, 0.11986, 0.25593, -0.01426, -0.09186, -0.02229, -0.02821, -0.11482, 0.02353, -0.01925, 0.07609, 0.02243, 0.1543, -0.1728, 0.224, -0.15862, 0.21891, -0.08675, -0.19997, -0.24832, -0.01081, 0.01656, 0.12408, -0.04804, -0.05774, 0.04066, -0.02421, 0.04752, -0.0], "concrete-killer-smile-4-1772080387": [0.48832, 0.05737, -0.36518, -0.564, 0.00426, 0.02906, -0.08026, -0.06281, 0.29368, -0.05268, -0.11196, -0.11188, -0.04235, -0.05546, -0.135, -0.13902, 0.11956, 0.06373, -0.00846, -0.00533, -0.05968, 0.04686, -0.3098, 0.07337, 0.00115, -0.06593, 0.03383, -0.0201, -0.00022, -0.02898, -0.02135, 0.04989, -0.04672, -0.00296, -0.00204, -0.00569, -0.0103, -0.03144, -0.02195, -0.0], "stray-bullets-sunshine-roses-17-1771987399": [-0.0566, -0.59478, 0.15657, -0.36707, 0.32793, 0.02467, 0.27865, 0.11355, -0.16394, 0.05068, 0.13067, 0.09726, 0.02306, 0.11795, 0.09368, 0.02949, 0.21923, -0.08194, -0.06209, -0.14631, -0.02632, -0.04461, -0.08942, -0.05439, -0.12329, 0.107, 0.1976, -0.05802, 0.04199, 0.09456, -0.04207, 0.00073, 0.07115, 0.03284, 0.13822, 0.02833, 0.03252, 0.02789, 0.04403, -0.0],