{"model_version": "vgg16-gram-3layer-pca256-v1", "dim": 38, "embeddings": {"heavy-liquid-3-1773012418": [0.40631, -0.22243, 0.65103, 0.09556, -0.26608, 0.03219, -0.26908, -0.05143, 0.04601, 0.10307, -0.29567, -0.00904, -0.03092, -0.11641, -0.10107, -0.12511, -0.12233, -0.05778, 0.04, 0.05546, -0.002, -0.05417, -0.00375, 0.06611, -0.07653, -0.07369, -0.05955, -0.09638, -0.01736, 0.06621, -0.04139, -0.05855, 0.00298, 0.00478, -0.01992, -0.00468, -0.01596, -0.0], "under-the-trees-where-nobody-sees-rite-of-spring-6-1773012198": [-0.81819, 0.17772, -0.32511, 0.13622, -0.11479, -0.11801, 0.00875, 0.0095, -0.05547, -0.01635, 0.1067, 0.05729, -0.03594, 0.05541, 0.08768, -0.11123, 0.01421, -0.05056, -0.07389, -0.0807, -0.08071, -0.00444, -0.02538, -0.01784, 0.04908, -0.06448, -0.01516, -0.09011, 0.06813, 0.00676, -0.12927, -0.02603, -0.08413, 0.03194, -0.12482, -0.14024, 0.04969, -0.0], "the-nice-house-by-the-sea-8-1772918924": [-0.54621, 0.0417, 0.0311, 0.55549, -0.1147, -0.28739, 0.03001, -0.02385, -0.27596, -0.11643, 0.09051, 0.08982, 0.00703, 0.0959, -0.03065, -0.08634, 0.09718, 0.07171, 0.03038, 0.03417, 0.02806, 0.04387, 0.10704, 0.00251, 0.03737, 0.10531, -0.10068, -0.28597, 0.11133, -0.05102, 0.07106, 0.00772, 0.04965, -0.04896, 0.06925, 0.06539, 0.0163, -0.0], "space-riders-2-1772905823": [0.70663, 0.46421, 0.39154, 0.05366, 0.0062, 0.13125, 0.09456, -0.02498, 0.1052, -0.08663, 0.06226, 0.06307, -0.07268, 0.19491, -0.09954, 0.00557, 0.005, 0.00063, -0.1235, -0.05556, 0.04055, -0.01381, 0.00556, -0.0252, -0.01518, -0.0233, 0.01025, 0.01003, 0.01859, -0.00971, -0.0008, -0.00635, 0.00973, -0.00705, -0.00287, -0.00149, 0.00726, -0.0], "under-the-trees-where-nobody-sees-rite-of-spring-5-1772599998": [-0.73111, 0.215, -0.20636, -0.03473, -0.15206, 0.09439, -0.15631, 0.17097, -0.03714, -0.00895, 0.10454, -0.2586, 0.0354, 0.02518, -0.04818, 0.02487, 0.10461, -0.14045, -0.12771, -0.08823, -0.09239, -0.0205, -0.10067, 0.07301, 0.05038, -0.0319, 0.07644, -0.04288, -0.06947, -0.01204, -0.09401, -0.16392, 0.04819, 0.12335, 0.23262, -0.02035, -0.05011, -0.0], "dark-spaces-wildfire-1-1772597937": [-0.2565, 0.25056, -0.10566, -0.38463, -0.28978, 0.06499, 0.43065, -0.04107, -0.03146, 0.23613, -0.14231, 0.12024, -0.0949, -0.0947, 0.13806, 0.35285, 0.15343, 0.02128, -0.01949, 0.04512, -0.12752, 0.14397, 0.03767, -0.10944, -0.2362, -0.07092, -0.10067, 0.00061, 0.13325, 0.02406, 0.05007, -0.1101, 0.04854, -0.00123, 0.00117, -0.01958, -0.02304, -0.0], "the-many-deaths-of-laila-starr-4-1772597713": [-0.42311, 0.08242, -0.15038, -0.35808, 0.17722, -0.1463, 0.05693, -0.39492, -0.09079, 0.02881, -0.17639, -0.14921, -0.21973, -0.10108, -0.04722, -0.21768, -0.16105, -0.1521, -0.11188, 0.05585, 0.00145, 0.0424, 0.00866, -0.13047, 0.00804, -0.20496, -0.07685, 0.0664, 0.07556, -0.1712, 0.03882, 0.18173, -0.14094, -0.13617, 0.18014, -0.0562, -0.03505, -0.0], "heavy-metal-12-1772412303": [-0.18343, -0.45602, -0.163, -0.00229, 0.02014, -0.10439, 0.01447, -0.50937, 0.06388, -0.37525, 0.13236, 0.35155, -0.16768, -0.08408, 0.15223, -0.0172, 0.01443, -0.14205, -0.0083, -0.10714, 0.10413, 0.05599, -0.02523, 0.18355, -0.05415, 0.02438, -0.02678, 0.08694, -0.01492, 0.1264, -0.02664, -0.05012, -0.00514, -0.03247, 0.03999, 0.03561, 0.02791, -0.0], "absolute-martian-manhunter-8-1772397781": [-0.33993, 0.08762, 0.32622, -0.05302, 0.33432, 0.12904, -0.5898, 0.09902, -0.24993, -0.13357, -0.10709, -0.08896, -0.18056, 0.0329, 0.00286, 0.02998, 0.08531, 0.06688, 0.1417, -0.23107, -0.17081, 0.09256, 0.08183, -0.01165, -0.02701, 0.02484, 0.06839, 0.06141, 0.05175, 0.00872, 0.0514, 0.0027, -0.03932, -0.01184, -0.01849, 0.01196, 0.00108, -0.0], "frank-1-1772394369": [-0.60067, -0.28463, -0.03495, -0.0112, 0.35217, 0.06136, -0.03876, 0.02848, 0.21014, 0.00723, 0.00523, 0.15337, -0.17425, -0.0784, -0.21535, 0.0269, -0.06806, 0.26013, -0.12634, 0.30163, -0.12511, -0.01041, -0.10564, 0.0347, 0.06136, 0.06912, 0.16284, 0.0122, 0.14936, 0.086, -0.03004, -0.018, -0.02713, -0.0174, 0.02547, 0.00516, 0.0119, -0.0], "red-book-4-1772394229": [-0.32592, 0.01332, -0.24251, 0.39985, 0.18459, 0.6564, 0.26056, -0.21274, 0.03137, 0.21156, -0.00352, -0.0479, 0.0054, -0.11014, -0.10281, -0.04491, -0.00078, 0.00624, 0.08339, -0.10377, 0.04886, 0.01843, 0.02166, 0.0151, 0.03751, -0.00218, 0.01074, -0.02185, -0.00642, 0.01444, 0.01963, 0.00301, 0.0088, -0.00308, -0.00744, -0.00145, 0.00746, -0.0], "hyde-street-10-1772390798": [-0.57772, 0.16469, 0.08279, -0.217, -0.44293, 0.03178, -0.0077, 0.1905, 0.15133, 0.21755, -0.05639, -0.00482, 0.09503, 0.10147, 0.14782, -0.02375, 0.01764, -0.05333, -0.02953, -0.08407, 0.04131, 0.07761, 0.01521, -0.13599, -0.05832, 0.18635, 0.15141, -0.06821, -0.10676, 0.21211, -0.12027, 0.15468, 0.02273, -0.18345, 0.04394, -0.02658, -0.04019, -0.0], "space-riders-galaxy-of-brutality-1-1772313901": [-0.08925, 0.50103, 0.26143, 0.2568, -0.58448, -0.02997, 0.15654, 0.09279, -0.15548, -0.00152, -0.19632, 0.16945, -0.12815, -0.17642, 0.11076, 0.06205, 0.02961, 0.01233, 0.04488, -0.00046, -0.00415, -0.14367, -0.00247, 0.01638, 0.17387, 0.06324, 0.0289, 0.11392, 0.0025, -0.06106, -0.0045, 0.00786, -0.00636, 0.00097, 0.0079, 0.00481, 0.00538, -0.0], "creatures-of-the-id-1-1772261881": [0.26898, 0.74323, 0.27993, -0.14199, 0.33896, -0.05119, 0.08271, 0.03009, -0.008, -0.05937, 0.16059, -0.00878, 0.14483, -0.21217, 0.11802, 0.00024, -0.15462, 0.04625, 0.03482, 0.01875, -0.02946, 0.08762, -0.01195, 0.04585, 0.01814, 0.00693, -0.01357, -0.04166, -0.03202, 0.00725, -0.00546, -0.007, -0.00785, 1e-05, -0.0002, -0.00239, -0.01375, -0.0], "eightball-13-1772234666": [-0.45929, 0.1438, -0.25095, -0.02544, 0.41375, -0.03078, -0.13395, 0.26255, 0.00857, 0.05202, -0.17753, -0.07741, 0.13736, 0.22594, 0.01039, 0.08553, 0.04762, -0.04143, -0.09991, 0.01612, 0.00479, -0.06405, -0.16114, 0.02909, 0.27454, -0.05767, -0.30351, 0.07242, -0.03293, 0.22739, 0.18343, -0.06632, -0.00223, -0.10964, -0.03095, -0.01456, -0.05348, -0.0], "concrete-killer-smile-4-1772080387": [0.46566, 0.0456, -0.37739, -0.59019, -0.04243, 0.07699, -0.06826, 0.03464, -0.24134, -0.02059, 0.13453, -0.0943, -0.04139, -0.05158, -0.14799, 0.17962, -0.08729, 0.04369, 0.00018, -0.03061, 0.08317, -0.25768, 0.1627, 0.105, -0.03441, 0.04072, -0.03429, -0.04508, 0.02545, 0.03959, -0.01443, 0.03604, -0.00986, -0.00929, 0.00365, -0.03291, 0.01493, -0.0], "stray-bullets-sunshine-roses-17-1771987399": [-0.08237, -0.6047, 0.15741, -0.35097, 0.3026, -0.0515, 0.27616, 0.08255, 0.19104, 0.05399, -0.18436, 0.04891, 0.03382, 0.09501, 0.10167, 0.00361, -0.22658, -0.16116, -0.02209, -0.12388, 0.0629, -0.04646, 0.02677, -0.11267, 0.03718, 0.21334, 0.02942, -0.05422, 0.05715, -0.06717, 0.05577, -0.09539, -0.11402, 0.08305, -0.01171, 0.03337, -0.03847, -0.0], "lady-killer-1-1771986359": [0.65639, -0.10464, -0.47093, -0.0213, -0.29913, -0.10774, -0.03371, 0.06427, -0.09159, -0.04327, -0.07287, 0.05154, 0.09565, 0.00874, -0.06581, -0.09986, -0.19098, 0.2804, 0.03422, -0.16503, 0.0586, 0.06208, -0.13246, -0.1011, -0.0285, -0.01484, -0.04174, 0.04898, 0.0183, 0.00372, -0.02515, -0.02427, 0.02998, 0.01897, 0.02633, 0.01423, 0.02043, -0.0], "madman-adventures-mini-comic-1-1771975358": [0.50278, 0.1367, -0.14311, -0.15377, 0.2512, -0.32098, 0.31496, 0.06427, -0.14338, 0.09346, -0.2058, -0.19904, -0.31266, 0.16437, -0.12079, 0.1026, 0.04193, -0.05983, 0.19166, 0.04247, 0.1215, 0.16706, -0.14563, 0.16568, 0.03502, 0.01754, 0.03422, -0.03216, -0.04032, -0.04067, -0.09225, 0.02602, 0.02148, 0.00221, -0.04146, 0.01162, 0.00759, -0.0], "the-invisible-man-3-1771911481": [-0.57774, 0.19082, -0.06667, 0.36821, 0.43409, -0.01206, -0.23754, 0.1626, -0.10477, 0.07823, -0.11555, 0.01793, 0.11693, -0.00741, -0.00381, -0.04282, 0.0402, 0.00386, -0.10066, 0.1275, 0.20507, 0.04175, 0.15307, -0.02294, -0.10353, 0.0974, -0.0943, 0.15644, -0.00322, -0.05845, -0.12912, -0.04282, 0.01891, 0.0067, 0.00016, -0.01516, 0.00939, -0.0],