{"model_version": "vgg16-gram-3layer-pca256-v1", "dim": 42, "embeddings": {"heavy-metal-5-1773105715": [0.0454, 0.21843, -0.09397, 0.22821, 0.12989, -0.5751, -0.01697, 0.19006, -0.0853, 0.11439, 0.31028, -0.09439, -0.05855, 0.35599, -0.14043, -0.1016, 0.26771, -0.0109, 0.21143, -0.06068, -0.03558, 0.17318, -0.11988, 0.07032, -0.05312, 0.11019, 0.03104, 0.12408, 0.0306, -0.01913, -0.03622, -0.0207, 0.08022, -0.05993, -0.05408, -0.00929, -4e-05, 0.00963, 0.01443, -0.03271, 0.00536, 0.0], "faithless-ii-5-1773104441": [-0.27337, -0.22574, 0.01498, 0.27006, -0.25855, -0.47896, 0.12936, 0.14757, 0.20157, -0.0859, -0.07298, 0.00475, -0.07465, -0.19239, -0.25894, -0.11243, 0.25047, -0.0835, -0.11651, -0.21242, 0.03559, -0.19646, 0.24249, -0.03812, -0.05713, -0.03301, 0.12561, -0.00975, 0.10896, 0.07859, -0.08533, 0.06276, -0.02198, 0.06275, 0.05349, 0.02203, -0.02553, 0.05525, -0.02706, 0.02125, -0.00915, 0.0], "fatale-2-1773102971": [-0.55249, -0.09222, 0.01138, 0.60932, 0.04156, -0.05569, -0.12249, 0.15238, 0.11061, -0.15915, 0.01475, 0.15477, -0.02611, 0.03509, -0.05169, 0.06093, -0.13009, -0.00631, 0.00663, -0.18393, 0.07957, -0.09004, 0.0792, -0.09851, 0.129, 0.1334, -0.15912, -0.0105, -0.0374, -0.01468, 0.04035, -0.08272, 0.04164, 0.05583, -0.04574, -0.16261, 0.01125, -0.08386, 0.08968, -0.03548, 0.02676, 0.0], "heavy-liquid-1-1773021261": [-0.39484, -0.02542, 0.21261, -0.39148, -0.07079, 0.07098, -0.19062, -0.11822, -0.23475, 0.23726, -0.2067, 0.04567, -0.02046, -0.05679, -0.16758, -0.29281, -0.07254, 0.10021, -0.11789, 0.08793, 0.13951, 0.01286, 0.08418, -0.01286, -0.11441, -0.05266, -0.05438, 0.15219, -0.09875, 0.0079, -0.04189, -0.31545, 0.23604, 0.08244, 0.09799, 0.04036, 0.10145, 0.07906, 0.01671, 0.01936, -0.05621, 0.0], "heavy-liquid-3-1773012418": [0.41627, -0.24127, 0.65292, 0.0605, -0.24561, 0.19211, -0.22392, 0.04609, -0.07913, 0.15052, -0.25513, -0.04985, -0.06235, -0.02367, -0.009, -0.15012, 0.05049, 0.06751, 0.04826, -0.02713, 0.02557, -0.01779, -0.03083, 0.02785, 0.09293, 0.0673, -0.00664, 0.0872, -0.00338, -0.13128, -0.00388, 0.08499, -0.04248, 0.03369, -0.05429, 0.01261, -0.0134, -0.00833, -0.02299, 0.00865, 0.02073, 0.0], "under-the-trees-where-nobody-sees-rite-of-spring-6-1773012198": [-0.81441, 0.19157, -0.34193, 0.11787, -0.12775, -0.06869, -0.04499, -0.03329, 0.04328, -0.02558, 0.08369, 0.06787, -0.02057, 0.0203, -0.05952, -0.03278, -0.10764, -0.03276, -0.05913, -0.00943, -0.1223, -0.02674, -0.07253, 0.0182, -0.03979, 0.03769, 0.01673, -0.01701, -0.03127, -0.12053, 0.10786, 0.04525, 0.08586, 0.03933, -0.00773, -0.00911, -0.08445, -0.03314, -0.07935, 0.15466, -0.08768, 0.0], "the-nice-house-by-the-sea-8-1772918924": [-0.55234, 0.03215, -0.00243, 0.61379, -0.14161, -0.20369, -0.0912, -0.00441, 0.19301, -0.06753, 0.01408, 0.06011, 0.04937, 0.06774, 0.09898, -0.04543, -0.10742, -0.10302, 0.05409, 0.01968, 0.03762, 0.01447, 0.01184, -0.04731, 0.09979, -0.01498, -0.10356, -0.11111, 0.107, -0.16772, 0.03914, -0.05267, -0.04047, -0.09415, 0.08633, 0.21483, 0.07376, 0.05631, -0.01341, -0.05132, -0.02474, 0.0], "space-riders-2-1772905823": [0.71528, 0.44793, 0.39225, 0.07648, 0.00376, 0.08417, 0.14225, 0.01197, -0.0843, -0.11964, 0.07209, 0.0548, -0.06501, 0.12975, 0.12473, -0.04184, -0.05097, -0.01041, -0.09806, -0.08224, -0.05732, 0.01873, 0.07627, 0.01941, -0.03901, -0.03079, 0.01713, 0.01533, 0.00469, 0.01063, 0.01601, 5e-05, 0.00341, 0.00305, -0.00277, 0.00634, 0.00985, -0.00302, -0.00173, 0.00181, -0.00873, 0.0], "under-the-trees-where-nobody-sees-rite-of-spring-5-1772599998": [-0.69953, 0.22739, -0.20417, -0.11804, -0.14963, 0.22562, -0.07344, -0.07358, 0.13698, 0.00843, 0.14623, -0.24182, 0.04925, -0.08004, 0.08399, 0.03481, -0.04685, -0.09791, -0.1887, -0.00755, -0.11786, -0.04031, -0.08694, 0.00862, -0.03699, 0.06507, 0.07724, -0.03379, -0.00784, -0.07343, -0.01729, 0.05822, 0.05533, 0.08887, -0.152, 0.02305, 0.02177, 0.20091, 0.18119, -0.02067, 0.04804, 0.0], "dark-spaces-wildfire-1-1772597937": [-0.21738, 0.25777, -0.08856, -0.39907, -0.2925, -0.17119, 0.39952, -0.013, -0.02355, 0.17912, -0.11501, 0.16586, -0.10328, -0.0325, 0.00147, 0.40791, 0.14383, -0.07297, 0.00188, -0.08988, 0.08015, -0.04938, -0.07002, -0.12193, -0.09397, -0.10629, -0.16428, 0.2076, -0.00839, -0.01849, 0.12791, -0.01828, -0.08362, 0.01258, -0.09079, 0.06464, 0.0497, 0.00353, -0.00292, 0.02712, 0.01473, 0.0], "the-many-deaths-of-laila-starr-4-1772597713": [-0.39065, 0.10292, -0.14503, -0.35014, 0.17825, -0.29506, -0.01725, 0.28777, -0.13201, 0.08216, -0.24091, -0.14878, -0.22508, -0.16641, -0.03673, -0.2155, -0.08649, 0.09966, -0.11472, -0.12147, -0.01056, 0.03019, -0.02092, -0.01501, -0.06009, -0.06319, 0.02233, -0.02676, -0.16291, 0.03165, 0.15575, 0.05813, -0.01606, -0.24505, 0.10915, 0.08489, -0.14569, -0.09159, 0.19106, -0.00441, 0.06441, 0.0], "heavy-metal-12-1772412303": [-0.16708, -0.45692, -0.18066, 0.02894, 0.0291, -0.1925, -0.04379, 0.36342, -0.26274, -0.44431, -0.07361, 0.29876, -0.11357, -0.08357, -0.03911, 0.03764, -0.06532, 0.02554, -0.10315, 0.22243, -0.14086, 0.16939, -0.06914, -0.05738, 0.08542, 0.03395, 0.06132, 0.13002, -0.00969, 0.04743, -0.03462, 0.02635, -0.0568, 0.10146, 0.01181, 0.05434, -0.00598, 0.0033, 0.01454, -0.04144, -0.02008, 0.0], "absolute-martian-manhunter-8-1772397781": [-0.31541, 0.09514, 0.3232, -0.05496, 0.35674, 0.3113, -0.4095, 0.20128, 0.34632, -0.06384, -0.04106, -0.16669, -0.1946, 0.08033, 0.01669, 0.03986, 0.11289, -0.09494, 0.12143, 0.08466, -0.21036, -0.14713, -0.0624, -0.08582, -0.01245, -0.1217, 0.00329, 0.01877, 0.03443, 0.06717, 0.03145, -0.08607, -0.00879, 0.01233, 0.01474, -0.00164, -0.02617, -0.01603, -0.01644, -0.00483, -0.00103, 0.0], "frank-1-1772394369": [-0.57587, -0.2676, -0.04716, -0.07422, 0.37537, 0.16762, -0.00612, -0.10485, -0.15269, -0.06005, -0.01065, 0.15663, -0.15551, -0.06328, 0.24098, -0.02399, -0.06244, 0.08259, 0.19833, -0.13974, 0.25564, -0.02388, -0.15042, 0.07785, -0.14194, 0.04126, 0.16163, -0.02925, 0.19229, 0.02893, 0.08887, -0.02092, -0.01119, 0.09366, 0.03062, 0.00803, -0.03011, 0.00367, 0.02085, -0.01125, -0.0077, 0.0], "red-book-4-1772394229": [-0.30607, 0.01829, -0.26357, 0.30103, 0.16945, 0.44394, 0.55673, 0.26479, -0.18296, 0.23268, 0.01158, -0.01576, 0.00057, -0.1127, 0.02886, -0.0864, 0.07892, -0.02408, 0.08035, 0.03711, -0.08447, 0.00889, 0.05511, -0.03728, 0.04486, 0.01708, 0.01223, -0.02699, -0.00032, -0.02055, -0.01156, -0.02446, -0.01006, 0.00295, 0.00292, -0.00753, 0.01064, -0.00754, -0.00161, 0.0009, -0.0081, 0.0], "hyde-street-10-1772390798": [-0.53994, 0.17531, 0.1012, -0.31261, -0.42373, 0.11851, -0.00543, -0.20948, -0.06345, 0.19594, 0.07441, 0.00971, 0.06447, 0.15266, -0.12788, 0.07399, 0.00239, -0.03332, -0.02591, 0.0287, -0.12653, 0.12618, -0.05275, -0.00988, -0.08552, -0.10543, -0.08748, -0.06435, 0.17453, -0.08246, -0.1454, 0.08883, -0.00817, 0.13292, 0.20852, -0.0401, 0.02542, -0.15029, 0.10678, 0.01025, 0.0585, 0.0], "space-riders-galaxy-of-brutality-1-1772313901": [-0.07125, 0.47799, 0.26791, 0.24495, -0.61335, -0.00402, 0.13005, -0.09207, 0.14457, 0.03342, -0.23526, 0.12655, -0.12621, -0.0513, -0.0434, 0.13226, 0.04272, 0.00186, 0.09301, 0.10401, -0.02157, 0.04199, -0.06571, 0.16216, 0.03315, 0.07659, 0.05677, -0.12597, -0.0433, 0.12494, 0.01534, -0.02883, 0.04901, -0.01916, -0.00339, -0.00401, 0.00024, 0.00103, 0.0088, -0.01051, -0.00437, 0.0], "creatures-of-the-id-1-1772261881": [0.29179, 0.74046, 0.28689, -0.08668, 0.32293, -0.08762, 0.06151, -0.04094, 0.0555, -0.10132, 0.06771, 0.0289, 0.16158, -0.21176, -0.13404, 0.03241, -0.01911, 0.16317, 0.09009, 0.01502, 0.01288, -0.0129, -0.05, -0.09189, 0.01794, 0.01762, 0.01183, -0.01631, -0.00259, -0.03518, -0.03358, 0.00625, 0.00278, 0.00581, 0.00231, 0.01375, -0.00701, 0.00654, -0.00525, 0.00803, 0.01126, 0.0],