{"model_version": "vgg16-gram-4layer-normed-pca30-v1", "dim": 30, "embeddings": {"100-3-1774130564": [-0.31973, -0.26218, -0.10956, -0.3642, 0.17353, -0.3694, 0.09447, 0.33821, 0.22829, -0.18773, 0.31574, -0.21186, -0.08214, 0.05321, -0.07473, 0.04455, -0.17008, 0.01466, -0.01634, -0.05936, -0.04493, -0.10211, -0.12669, 0.08655, 0.18412, -0.01714, -0.17685, -0.07099, -0.06474, 0.04258], "geiger-22-1774128278": [-0.13358, 0.35533, 0.42058, -0.05652, 0.41183, 0.2219, 0.08823, -0.14319, -0.17863, -0.12292, -0.12508, -0.21262, -0.10915, 0.39738, -0.23124, 0.13574, -0.18285, -0.03745, 0.12612, -0.00683, 0.03217, -0.02541, 0.00663, -0.0224, -0.0834, 0.04114, -0.11516, 0.03316, 0.00265, -0.05525], "battle-beast-8-1774121456": [0.02779, -0.30748, 0.52023, -0.309, 0.29656, 0.38777, 0.31548, 0.10975, 0.0278, 0.1465, -0.16295, 0.04754, 0.04816, 0.01779, -0.02819, -0.14226, 0.11245, -0.09503, -0.11984, -0.05927, -0.13437, -0.06693, 0.04825, 0.12955, 0.07454, -0.10558, -0.09142, 0.00341, -0.07053, -0.05212], "100-2-1773890854": [-0.17559, 0.06334, -0.46161, -0.59105, 0.16179, -0.24586, -0.16456, 0.07597, 0.01491, 0.07625, 0.1555, 0.10118, -0.19975, -0.07239, -0.09742, 0.05275, -0.10604, -0.05929, -0.12785, 0.27029, -0.00699, -0.20282, -0.10399, -0.0176, 0.02002, -0.10003, -0.03544, -0.0235, 0.00379, -0.12925], "criminal-the-special-edition-0-1773888551": [-0.25329, -0.24033, -0.20401, 0.05877, -0.0484, -0.59816, 0.16193, 0.08372, 0.20204, 0.14236, 0.25694, -0.05642, 0.15872, 0.2934, -0.10406, -0.06908, -0.06832, -0.01439, 0.20567, 0.03868, 0.00472, 0.0476, -0.07516, 0.21617, 0.02169, -0.0987, 0.05872, -0.00048, -0.2211, 0.12884], "fatale-4-1773887276": [0.02543, 0.5876, -0.51661, -0.35604, -0.18571, 0.12626, -0.04632, 0.07454, -0.07858, 0.26785, 0.08864, 0.0902, -0.01931, 0.17877, 0.00615, -0.08575, -0.14528, -0.09457, 0.04931, -0.05092, 0.08905, -0.00204, -0.06687, -0.04254, -0.02719, -0.08246, 0.06965, -0.05027, 0.02962, 0.05989], "love-rockets-1-1773544479": [-0.36076, -0.2062, 0.18674, 0.02517, -0.50876, -0.30522, 0.3719, -0.1784, -0.12733, 0.02384, 0.08689, -0.01757, -0.22073, -0.07973, -0.06623, -0.12307, -0.19955, -0.17994, -0.05777, 0.05716, -0.12594, 0.11509, 0.07592, 0.12819, 0.04041, 0.17246, 0.04977, -0.06822, -0.00125, -0.04282], "bleeding-hearts-2-1773522336": [-0.01993, -0.06359, -0.31955, -0.0363, 0.09408, 0.20943, 0.17373, -0.25854, 0.49024, 0.47538, 0.05432, 0.21003, 0.30446, -0.00958, -0.19082, 0.03254, -0.12705, 0.00641, 0.04826, -0.04563, -0.04155, -0.08931, -0.09032, -0.08796, 0.10063, 0.02793, 0.07592, -0.09718, 0.08163, -0.14064], "love-rockets-1-1773521483": [-0.47217, 0.67597, -0.1123, -0.04952, -0.16633, -0.12656, 0.17313, 0.20926, -0.09945, 0.04304, 0.04667, -0.06511, -0.14236, -0.17364, -0.06339, -0.1801, 0.03994, 0.05279, 0.02153, -0.1371, 0.07692, 0.03962, 0.10609, -0.01882, 0.0094, -0.02722, 0.00568, 0.10658, 0.00824, -0.16598], "heavy-metal-5-1773108178": [0.13771, 0.03556, -0.38536, -0.27784, 0.28329, -0.3626, 0.18202, -0.3802, -0.18059, -0.20956, -0.24617, 0.24589, 0.14849, -0.02388, 0.08953, -0.21609, -0.01024, 0.2086, 0.14077, -0.0905, -0.0457, 0.04402, 0.00865, 0.03277, 0.05872, 0.00539, -0.09106, -0.02705, 0.01675, -0.01245], "heavy-metal-5-1773107506": [0.21583, -0.30497, -0.5949, 0.07818, -0.25267, 0.16306, 0.13189, 0.17583, -0.09161, -0.26461, -0.12748, 0.15884, 0.22392, 0.08098, -0.03118, 0.04283, 0.14932, -0.16458, 0.19798, -0.10439, -0.01318, -0.03244, 0.008, -0.10795, 0.10221, 0.1584, -0.13996, 0.11844, -0.00483, 0.02567], "heavy-metal-5-1773106373": [0.23299, 0.05136, -0.21434, -0.0627, 0.30665, -0.04996, 0.49914, 0.1901, 0.1303, 0.3619, -0.20735, -0.38314, 0.09898, -0.11665, 0.22078, 0.00987, -0.04509, -0.03413, 0.06488, 0.03571, -0.12799, -0.17568, 0.05901, -0.00345, -0.0074, -0.07778, 0.03357, 0.13712, 0.02822, 0.12309], "heavy-metal-5-1773105715": [0.18493, 0.36463, 0.15146, 0.31218, -0.15294, 0.16048, 0.02624, -0.02903, -0.35317, -0.17581, -0.05716, -0.34229, 0.32701, -0.20715, 0.11639, -0.1939, -0.26287, -0.15077, -0.12273, 0.01337, 0.13049, -0.11245, -0.15822, 0.00902, 0.03915, 0.07644, 0.12308, 0.01051, -0.00051, 0.015], "faithless-ii-5-1773104441": [-0.16239, 0.40805, -0.44682, 0.00889, -0.24334, 0.17618, 0.10414, 0.09411, -0.07471, 0.15253, -0.06463, 0.10542, 0.07092, 0.2126, -0.06781, -0.33415, 0.11264, -0.15832, -0.02747, 0.24114, -0.0077, 0.04809, 0.11924, -0.10872, -0.25156, -0.05813, -0.05592, -0.09989, -0.05296, 0.2814], "fatale-2-1773102971": [-0.55091, 0.52178, -0.04072, 0.20201, -0.07417, -0.07691, -0.22031, -0.18711, 0.12632, 0.17024, 0.0312, -0.10128, 0.17971, 0.19518, 0.03939, 0.03792, 0.20727, -0.02847, 0.10717, 0.04402, 0.05823, -0.01158, 0.09202, -0.0699, 0.10771, -0.01814, 0.06333, -0.07654, 0.23825, 0.06804], "heavy-liquid-1-1773021261": [0.19184, -0.366, 0.33947, -0.55305, -0.02387, 0.29939, -0.14339, 0.00408, -0.09848, -0.05125, 0.05408, 0.10575, -0.02707, 0.18788, 0.11058, -0.15093, 0.17929, 0.01021, -0.16977, 0.14549, 0.0884, 0.112, 0.12297, 0.01344, 0.0978, -0.13984, -0.0716, 0.12958, 0.17362, 0.02841], "heavy-liquid-3-1773012418": [-0.11896, -0.39193, -0.01719, -0.55206, -0.05326, -0.20469, -0.39952, -0.29472, -0.16562, 0.15918, -0.00363, -0.08874, -0.02843, 0.13681, 0.1382, -0.00864, -0.01823, -0.06391, -0.2151, 0.21329, -0.05532, 0.09429, 0.05504, -0.08095, 0.07494, -0.02769, 0.08546, -0.02018, -0.06101, -0.03292], "under-the-trees-where-nobody-sees-rite-of-spring-6-1773012198": [-0.03413, 0.6132, -0.17555, 0.25524, 0.09372, 0.37304, 0.26393, -0.00867, -0.05632, -0.16706, -0.09923, -0.05806, 0.0472, -0.03644, -0.05319, 0.10475, 0.16358, 0.09768, -0.21484, 0.1003, -0.03354, 0.21505, -0.20443, 0.12865, 0.14161, 0.00191, 0.05776, -0.12523, -0.08905, 0.04791], "the-nice-house-by-the-sea-8-1772918924": [-0.37686, 0.73455, -0.00381, -0.05237, -0.03414, -0.02678, -0.08331, -0.13959, -0.04248, 0.0302, 0.29869, 0.00356, -0.06481, -0.13532, 0.0772, 0.05786, -0.00745, 0.00838, 0.126, -0.02045, -0.06066, 0.12236, -0.13337, 0.0798, -0.05959, 0.0094, -0.10033, 0.21246, 0.19711, 0.08158], "space-riders-2-1772905823": [0.59401, 0.05015, 0.24001, -0.0797, -0.12105, -0.34251, -0.34152, -0.16057, 0.05691, -0.01349, -0.11206, -0.29682, -0.02819, -0.14083, -0.06282, -0.08834, 0.08173, -0.08102, 0.0645, 0.04819, 0.00103, 0.03174, 0.03499, -0.15714, 0.08112, 0.20427, -0.16483, -0.04642, -0.17607, 0.12061], "under-the-trees-where-nobody-sees-rite-of-spring-5-1772599998": [-0.0885, -0.05295, -0.19223, 0.23466, 0.16908, -0.2225, 0.41883, -0.09563, 0.28207, -0.33784, 0.2398, 0.10182, 0.1609, 0.05634, -0.23521, 0.20522, 0.02536, 0.16254, -0.3008, -0.00847, 0.02117, -0.02828, 0.16341, -0.08019, -0.09351, 0.05867, 0.11822, 0.21837, -0.05965, 0.13115], "dark-spaces-wildfire-1-1772597937": [0.60074, 0.10826, -0.36011, -0.13094, -0.22777, 0.06645, 0.05124, 0.33706, 0.08514, -0.02708, -0.22509, 0.15808, -0.08077, 0.13809, 0.08674, 0.20643, -0.11935, -0.09718, 0.14117, -0.11559, 0.11604, 0.09875, 0.07046, 0.17125, -0.01433, 0.04035, 0.13695, -0.10705, 0.01594, 0.04339], "the-many-deaths-of-laila-starr-4-1772597713": [0.39923, -0.09566, -0.01698, 0.19828, -0.58931, 0.4344, 0.07594, -0.06639, 0.01033, -0.03672, 0.12365, 0.18319, -0.06144, 0.19956, 0.14084, -0.13904, -0.16377, 0.0921, -0.14832, 0.08966, -0.04647, -0.03793, -0.07068, 0.06229, 0.00513, 0.08617, -0.07288, 0.09182, -0.06255, -0.09849], "heavy-metal-12-1772412303": [-0.17619, -0.03332, -0.33671, 0.32419, -0.11229, 0.47381, -0.24425, -0.06133, 0.11847, 0.30362, -0.04648, -0.09069, -0.03154, 0.08926, -0.02142, -0.09936, 0.26454, 0.20871, 0.03406, -0.25512, -0.00552, -0.04897, 0.05021, 0.08978, -0.11564, 0.15167, -0.02991, -0.00293, -0.2374, -0.16281],