{"model_version": "vgg16-gram-3layer-pca256-v1", "dim": 34, "embeddings": {"under-the-trees-where-nobody-sees-rite-of-spring-5-1772599998": [-0.71057, 0.24869, 0.05917, -0.24919, -0.06734, 0.08097, -0.16769, 0.14555, 0.075, -0.00687, -0.26175, 0.08288, -0.09315, -0.06106, 0.01462, -0.00891, -0.18218, -0.01622, -0.01116, -0.14865, 0.11523, -0.10102, 0.0364, 0.08027, 0.04543, 0.12715, -0.00535, 0.20302, 0.0285, 0.09816, 0.14715, 0.17855, -0.05584, -0.0], "dark-spaces-wildfire-1-1772597937": [-0.26132, 0.28417, -0.36227, -0.2927, 0.07097, 0.02307, 0.44988, -0.00618, -0.00623, 0.19393, 0.13514, -0.09937, 0.22444, -0.14402, -0.26076, -0.06607, -0.10831, -0.16215, 0.00975, -0.06829, 0.16191, 0.0791, -0.30423, -0.06779, 0.00683, -0.16229, 0.07824, 0.0222, 0.09533, 0.02415, -0.02437, 0.01696, -0.02883, -0.0], "the-many-deaths-of-laila-starr-4-1772597713": [-0.40889, 0.13912, -0.23067, 0.07444, -0.32747, -0.20921, 0.1766, -0.3452, 0.17996, -0.02143, -0.17565, -0.13846, 0.07534, 0.01723, 0.16104, -0.12954, -0.05771, 0.23197, 0.18804, 0.05749, -0.09761, -0.01186, -0.08367, 0.13589, 0.0899, -0.24723, -0.15255, -0.10005, -0.13549, -0.19277, 0.09654, 0.12185, -0.09324, -0.0], "heavy-metal-12-1772412303": [-0.12224, -0.43453, 0.0451, -0.13264, -0.1872, -0.23451, -0.01034, -0.48059, -0.00376, -0.283, 0.31991, -0.3274, -0.11594, 0.143, 0.05502, -0.02446, -0.1911, 0.00921, -0.1466, 0.00529, 0.18649, 0.027, 0.10316, -0.02818, -0.07048, 0.00782, 0.10772, 0.02916, -0.00584, -0.05002, 0.00952, 0.02802, 0.04891, -0.0], "absolute-martian-manhunter-8-1772397781": [-0.3772, 0.05296, -0.0301, 0.44623, -0.06187, 0.32703, -0.53549, -0.00289, 0.18583, -0.14171, -0.07547, -0.10714, 0.22544, -0.10456, 0.02358, 0.11819, 0.13511, 0.16238, -0.09735, -0.1586, 0.08371, 0.09483, -0.05112, -0.04064, 0.05084, -0.02056, 0.05567, -0.02475, 0.03717, -0.02685, 0.01237, -0.02781, 0.00394, -0.0], "frank-1-1772394369": [-0.58713, -0.30763, 0.15056, 0.17391, -0.3077, -0.09134, -0.01382, 0.07934, -0.11356, 0.05087, 0.0924, -0.20458, -0.05557, -0.14125, -0.02922, -0.02954, 0.27561, -0.18642, 0.33942, 0.0252, -0.04916, -0.10326, 0.09495, -0.07422, 0.13077, 0.01919, 0.17967, 0.03706, -0.01133, -0.03282, 0.02899, 0.01341, 0.00839, -0.0], "red-book-4-1772394229": [-0.30779, -0.00028, 0.60632, -0.09194, -0.18507, 0.43192, 0.41062, -0.19582, -0.16843, 0.1683, -0.05879, -0.00809, -0.04237, -0.10516, 0.02596, 0.01794, 0.04836, 0.10735, -0.09788, 0.03046, 0.00152, 0.01653, 0.02809, 0.02462, 0.01141, 0.02205, 0.00872, -0.01652, 0.00735, 0.00315, -0.01564, -0.00051, 0.0068, -0.0], "hyde-street-10-1772390798": [-0.59096, 0.17001, -0.25627, -0.34275, 0.23185, 0.01769, -0.06853, 0.17689, -0.14311, 0.19009, 0.02198, 0.14299, 0.16989, 0.08214, 0.04817, -0.04534, -0.06535, 0.10556, -0.02151, 0.02317, 0.01238, -0.00266, -0.10805, -0.15234, -0.03357, 0.28284, 0.11618, -0.02264, -0.21906, -0.14771, -0.10033, 0.03197, -0.06047, -0.0], "space-riders-galaxy-of-brutality-1-1772313901": [-0.13689, 0.45817, 0.02391, -0.26049, 0.69322, 0.09285, 0.0849, 0.03235, 0.12483, -0.0633, 0.22483, -0.1768, 0.19352, -0.07307, 0.02685, -0.02667, 0.01731, 0.03497, -0.00886, -0.02652, -0.17113, -0.0404, 0.14388, 0.04968, -0.01374, -0.02305, -0.00218, 0.05025, 0.01335, -0.00338, -0.00021, -0.00195, 0.00535, -0.0], "creatures-of-the-id-1-1772261881": [0.18271, 0.67766, -0.17112, 0.55418, 0.17881, 0.09958, 0.09998, -0.00439, -0.18018, -0.09064, 0.03393, -0.01629, -0.19431, 0.09241, -0.0654, -0.11538, 0.06008, 0.02885, 0.02223, 0.01761, 0.08058, 0.00484, 0.00439, 0.01689, -0.00448, 0.02634, -0.01267, 0.00575, 0.00402, -0.00381, 0.00047, -0.00228, -0.0098, -0.0], "eightball-13-1772234666": [-0.43469, 0.18637, 0.18286, 0.22347, -0.36305, -0.07125, -0.08237, 0.29417, 0.11883, 0.02684, -0.03934, 0.26306, 0.13174, 0.04402, -0.06605, 0.03273, -0.08164, -0.09805, 0.02028, -0.02121, 0.02474, -0.18247, 0.08813, 0.3506, -0.2929, -0.02782, 0.19109, -0.12118, 0.1207, -0.096, -0.0788, -0.01861, -0.0508, -0.0], "concrete-killer-smile-4-1772080387": [0.5103, 0.18319, -0.46172, -0.19137, -0.40279, 0.14725, -0.00766, 0.03092, 0.18934, 0.02445, -0.14342, -0.05287, -0.20132, -0.0615, -0.22274, -0.06364, 0.01629, -0.09344, -0.15463, -0.06975, -0.18156, 0.09635, 0.1466, -0.07414, -0.03359, -0.00908, 0.01495, -0.0518, -0.03735, -0.0105, -0.00864, 0.02829, -0.00105, -0.0], "stray-bullets-sunshine-roses-17-1771987399": [-0.06888, -0.63593, -0.28769, 0.24434, -0.18908, -0.14492, 0.26799, 0.1564, -0.13391, 0.02253, 0.06595, 0.09981, 0.17307, 0.14771, -0.11228, -0.09617, -0.05403, 0.29472, -0.01141, 0.02272, -0.15434, -0.07255, 0.02341, -0.13283, -0.04653, 0.05273, 0.01073, 0.01743, 0.14469, 0.02248, 0.14212, -0.06006, -0.02576, -0.0], "lady-killer-1-1771986359": [0.73064, 0.053, 0.01256, -0.42714, -0.09481, -0.11761, -0.03762, 0.07807, 0.18135, -0.03888, 0.07407, 0.10104, -0.06816, 0.05463, 0.07608, -0.11776, 0.33799, 0.08337, -0.12005, 0.06338, 0.0549, -0.10684, -0.10804, 0.0109, -0.03912, -0.04037, 0.02017, 0.0432, -0.00665, 0.02386, 0.0066, 0.02186, 0.02517, -0.0], "madman-adventures-mini-comic-1-1771975358": [0.51758, 0.19183, -0.12154, 0.23371, -0.0801, -0.28176, 0.33359, 0.12114, 0.28565, 0.0525, -0.24462, -0.14306, 0.2162, -0.02971, -0.10819, 0.27503, 0.01276, 0.02186, -0.02812, 0.21186, 0.17767, -0.06884, 0.13183, -0.0242, 0.02486, 0.03395, -0.05972, 0.05358, -0.05687, 0.01494, -0.02952, -0.03326, 0.01721, -0.0], "the-invisible-man-3-1771911481": [-0.5611, 0.1837, 0.48432, 0.34087, -0.12485, 0.01271, -0.1795, 0.14167, 0.17841, 0.05165, 0.06221, 0.13992, 0.01535, -0.01604, 0.10832, -0.09794, -0.07184, -0.07289, 0.04316, 0.18258, -0.05496, 0.18195, 0.00227, -0.14637, -0.15993, -0.09262, -0.0371, 0.1154, -0.01534, 0.00755, -0.00847, 0.01835, 0.00885, -0.0], "eerie-93-1771911152": [-0.0395, 0.38176, -0.29943, 0.22282, 0.13931, -0.23698, -0.0544, -0.10971, -0.30886, 0.2555, 0.0206, 0.13543, -0.24155, 0.031, 0.2495, 0.43224, -0.06287, 0.04614, -0.10424, -0.07296, -0.13297, -0.15451, -0.0137, -0.11901, -0.00219, -0.19291, 0.11341, -0.0016, -0.01569, 0.06517, -0.02966, 0.03688, 0.00273, -0.0], "zap-2-1771906187": [0.21794, -0.33139, -0.4758, -0.04192, 0.17584, 0.50438, 0.06536, -0.16398, 0.07637, -0.13862, -0.31223, -0.0023, 0.07558, 0.17063, 0.25325, -0.07879, -0.05637, -0.15665, 0.03141, 0.16362, -0.03587, -0.02482, -0.02799, 0.00337, 0.03922, 0.00186, 0.07293, -0.00419, 0.05576, 0.03422, -0.02024, -0.01979, 0.01484, -0.0], "heavy-metal-6-1771820851": [-0.31746, -0.49596, 0.33777, 0.17538, 0.14505, 0.22834, 0.12685, -0.12551, 0.17107, 0.01096, 0.04385, -0.0787, -0.0009, 0.39776, -0.14213, 0.18233, 0.13655, -0.18996, 0.03505, -0.20317, -0.05454, -0.09479, -0.08762, -0.044, -0.09034, 0.01903, -0.15245, 0.01508, -0.04183, -0.01628, -0.00667, 0.01918, -0.03141, -0.0], "heavy-metal-6-1771820424": [-0.72227, 0.01617, 0.25219, 0.07984, 0.24303, -0.19328, 0.05603, 0.23898, 0.2631, 0.12845, 0.13323, -0.0123, -0.0872, 0.08977, 0.07182, -0.01735, -0.01392, -0.09834, -0.10923, 0.06954, 0.0347, 0.09524, -0.0104, 0.02452, 0.10726, 0.04354, 0.03785, -0.22297, -0.03122, 0.09891, 0.11493, -0.00727, -0.02214, -0.0], "heavy-metal-6-1771820134": [-0.81026, 0.18942, -0.03657, -0.05126, -0.19931, -0.03068, -0.17989, 0.23182, -0.10484, -0.04544, 0.08773, -0.06232, -0.00077, -0.00656, -0.01643, 0.00815, -0.0688, -0.02087, -0.04077, 0.09287, -0.05674, -0.11555, -0.06562, -0.02911, 0.09671, 0.06648, -0.1641, -0.08039, 0.14536, -0.05179, -0.09268, 0.09579, 0.16102, -0.0], "heavy-metal-6-1771814806": [-0.0015, 0.23999, -0.09061, -0.36779, 0.21429, -0.32899, -0.09989, -0.43764, -0.10447, 0.05514, -0.31412, -0.15435, -0.0048, -0.17683, 0.08783, 0.00247, 0.11118, 0.06904, 0.28486, -0.08978, 0.05317, 0.08227, -0.00996, -0.07111, -0.28866, 0.11956, -0.07357, -0.15617, 0.05586, 0.11349, 0.02251, 0.0024, 0.05278, -0.0],