{"model_version": "vgg16-gram-4layer-normed-pca30-v1", "dim": 30, "embeddings": {"the-maxx-5-1774216970": [0.70401, 0.29262, 0.21419, -0.2115, -0.001, 0.05719, 0.00247, 0.14401, -0.10339, 0.16742, 0.16107, 0.12494, -0.06216, -0.02718, 0.10395, -0.08193, -0.12042, -0.02871, 0.08659, 0.239, 0.02767, -0.04281, -0.10534, 0.09227, 0.11128, -0.01981, 0.1167, -0.09871, 0.23506, -0.09049], "the-maxx-1-1774215636": [0.14613, -0.18865, -0.25462, -0.19242, 0.33068, -0.2187, -0.45293, -0.05016, -0.09885, 0.11309, -0.04374, 0.0528, -0.03083, -0.31731, 0.02823, 0.1119, -0.33239, 0.0502, 0.41237, 0.05039, -0.08148, -0.01881, 0.11531, -0.10593, 0.0041, 0.09209, 0.00329, -0.06196, -0.04755, 0.04929], "omaha-vol-2-4-1774215021": [-0.33244, -0.59826, 0.14993, -0.00811, -0.24504, -0.0731, -0.32263, 0.35192, -0.14745, -0.04667, -0.07964, -0.04649, 0.01337, 0.11181, -0.22992, -0.12479, -0.04251, 0.1178, -0.00665, 0.10024, -0.17272, -0.05599, -0.01227, -0.10839, 0.14011, 0.00967, -0.01187, 0.10354, -0.02833, 0.0114], "100-3-1774130564": [-0.3811, -0.18238, -0.01145, -0.41423, 0.21116, -0.33162, 0.03959, 0.30464, 0.11288, 0.30447, 0.2661, -0.27811, -0.0732, 0.05977, -0.01989, 0.09311, -0.07043, 0.01601, -0.16457, -0.08577, 0.1066, -0.00794, 0.07779, 0.14867, 0.00411, -0.12046, 0.15662, -0.09358, -0.01999, 0.04248], "geiger-22-1774128278": [-0.00724, 0.47795, 0.30502, -0.04884, 0.36429, 0.24032, -0.14255, -0.07407, -0.20196, -0.13618, -0.15985, -0.24763, -0.09302, 0.36039, -0.08707, 0.27225, -0.19573, -0.01035, -0.11569, 0.10114, 0.08943, 0.05993, 0.01496, -0.00689, -0.04625, -0.01188, -0.09546, -0.05438, 0.03539, 0.06233], "infernal-hulk-5-1774124257": [0.81994, -0.05283, 0.08412, -0.00307, 0.04334, 0.00338, 0.02472, -0.03133, -0.09963, 0.0364, -0.01148, 0.08937, 0.03407, -0.05112, -0.15197, 0.09565, 0.21616, 0.14597, 0.01052, -0.02988, 0.15487, 0.17468, -0.03955, -0.21503, 0.15339, 0.0061, 0.0109, -0.21754, -0.12796, -0.01525], "battle-beast-8-1774121456": [0.03581, -0.16817, 0.575, -0.31653, 0.2622, 0.34689, -0.35587, 0.01412, 0.20219, -0.13807, -0.14117, 0.05178, 0.05651, 0.0964, -0.03142, -0.1151, 0.11495, -0.16439, -0.01412, -0.14036, 0.00162, -0.0869, 0.04615, 0.0938, 0.141, 0.0277, 0.09589, -0.06862, 0.03029, 0.01814], "100-2-1773890854": [-0.21049, 0.0386, -0.44349, -0.60858, 0.11881, -0.13901, 0.28282, 0.11514, 0.06707, -0.01859, 0.15856, 0.08299, -0.18627, -0.04075, -0.11137, 0.06264, -0.06624, -0.02743, -0.10289, -0.16803, -0.14522, 0.24211, 0.08504, 0.05189, 0.07621, -0.13762, 0.02312, 0.08749, 0.05725, 0.03331], "criminal-the-special-edition-0-1773888551": [-0.37524, -0.21996, -0.12365, 0.03146, 0.05886, -0.59908, 0.07999, 0.03218, 0.27353, 0.07861, 0.25994, -0.09961, 0.17875, 0.2893, -0.08336, 0.01434, -0.12176, 0.01622, 0.00871, 0.21695, 0.0132, 0.04705, -0.02294, 0.07947, 0.17077, -0.01812, -0.06686, -0.00822, -0.14925, -0.12522], "fatale-4-1773887276": [0.04166, 0.445, -0.63565, -0.31715, -0.28997, 0.11746, 0.02277, 0.0626, 0.15595, -0.22064, 0.1295, 0.08815, -0.01467, 0.16016, 0.02336, -0.04131, -0.18708, -0.04138, 0.00119, 0.05222, 0.09749, 0.03176, -0.01634, -0.07397, 0.03984, -0.07769, -0.00843, 0.04619, 0.04202, -0.01864], "love-rockets-1-1773544479": [-0.41508, -0.09121, 0.26072, 0.01648, -0.36729, -0.45948, -0.23664, -0.28842, -0.05942, -0.08426, 0.13834, -0.00404, -0.22883, -0.02531, -0.04267, -0.11575, -0.16077, -0.16567, -0.16442, -0.06904, -0.06906, -0.01243, -0.08728, 0.11739, -0.02769, 0.12175, 0.02498, -0.13734, -0.01033, -0.14604], "bleeding-hearts-2-1773522336": [-0.11211, -0.09297, -0.30579, -0.0366, 0.09826, 0.21073, -0.0615, -0.38183, 0.62424, 0.06631, 0.05325, 0.21266, 0.31394, 0.01222, -0.19716, 0.03856, -0.14623, 0.00652, -0.09644, 0.05647, 0.01618, -0.04659, 0.09739, 0.0115, -0.06061, -0.09376, 0.12344, 0.14791, 0.05923, -0.00718], "love-rockets-1-1773521483": [-0.37177, 0.69663, -0.24282, -0.04949, -0.1694, -0.20882, -0.20522, 0.18522, 0.00471, -0.10115, 0.06513, -0.04579, -0.14403, -0.10777, -0.13459, -0.15706, 0.10493, -0.00911, -0.02049, -0.0233, 0.18773, -0.04546, -0.06027, 0.00179, -0.05754, 0.06263, 0.00388, 0.07858, -0.07489, 0.05092], "heavy-metal-5-1773108178": [0.10079, -0.07135, -0.41406, -0.29823, 0.32777, -0.32095, 0.02859, -0.29731, -0.3289, -0.04975, -0.21299, 0.22998, 0.15946, 0.13932, -0.0115, -0.29109, 0.08031, 0.16504, -0.08662, 0.0902, 0.07282, -0.11205, -0.00785, 0.08248, -0.06819, -0.00087, 0.0465, -0.03718, 0.01787, 0.05946], "heavy-metal-5-1773107506": [0.0096, -0.50685, -0.51486, 0.0776, -0.28164, 0.1044, -0.16757, 0.13032, -0.19155, 0.1001, -0.09163, 0.14563, 0.24016, 0.11083, 0.10911, 0.06678, 0.12079, -0.24608, -0.04399, 0.15153, 0.11493, -0.04216, 0.07713, 0.01339, -0.21476, -0.01387, 0.00668, -0.06299, 0.01082, 0.04884], "heavy-metal-5-1773106373": [0.16521, -0.07528, -0.27783, -0.06911, 0.32429, -0.10999, -0.39593, 0.0574, 0.47377, -0.23722, -0.19457, -0.32308, 0.06496, -0.09743, 0.19657, -0.12826, 0.12195, 0.03388, -0.18439, 0.03217, -0.00198, 0.07188, 0.15681, -0.05612, 0.15005, 0.02273, 0.03073, -0.08731, -0.02049, -0.00192], "heavy-metal-5-1773105715": [0.20422, 0.31426, 0.02015, 0.35382, -0.16406, 0.08444, -0.16531, -0.00376, -0.33725, -0.18234, -0.0817, -0.34232, 0.28784, -0.27807, 0.14007, -0.22651, -0.27366, -0.09404, 0.00772, -0.15943, 0.0977, 0.12202, 0.0546, 0.0256, 0.02187, -0.11652, -0.03149, 0.04639, -0.11883, -0.0448], "faithless-ii-5-1773104441": [-0.1952, 0.29955, -0.51801, 0.02378, -0.30287, 0.10549, -0.17575, 0.06921, 0.07156, -0.16361, -0.02794, 0.11076, 0.08579, 0.24078, -0.11589, -0.20208, -0.03032, -0.16635, 0.20406, -0.01017, -0.11972, 0.22624, -0.04623, -0.19048, 0.02838, 0.12032, -0.12436, -0.18119, 0.24011, -0.06845], "fatale-2-1773102971": [-0.47115, 0.62585, -0.12965, 0.21097, -0.06928, -0.0306, 0.23366, -0.15146, 0.14122, -0.01076, -0.00163, -0.09552, 0.17413, 0.10532, 0.02812, 0.07028, 0.05901, -0.01004, 0.22492, 0.16158, -0.06187, 0.05744, 0.06154, -0.0843, -0.04172, 0.11093, 0.16349, 0.08147, -0.01565, 0.13946], "heavy-liquid-1-1773021261": [0.17307, -0.2727, 0.42541, -0.52378, -0.11012, 0.33214, 0.09757, 0.00206, -0.0802, -0.05243, 0.05043, 0.05838, -0.00578, 0.20536, 0.06729, -0.08935, 0.11095, -0.01627, 0.2014, -0.17746, -0.09318, 0.11058, -0.14508, -0.01231, 0.02585, 0.08523, 0.06614, 0.07122, -0.11045, 0.28676], "heavy-liquid-3-1773012418": [-0.19715, -0.27345, 0.10554, -0.52188, -0.07381, -0.06334, 0.55218, -0.23554, -0.0409, -0.23763, -0.00637, -0.08826, -0.03239, 0.08892, 0.11914, -0.01199, -0.0458, 0.00067, 0.0491, -0.19132, -0.21239, 0.10804, -0.11558, -0.09285, -0.02086, 0.04205, 0.07481, 0.04548, -0.03362, -0.11346], "under-the-trees-where-nobody-sees-rite-of-spring-6-1773012198": [0.02127, 0.52327, -0.34363, 0.26258, 0.05021, 0.2835, -0.40756, -0.0136, -0.14283, 0.02939, -0.11517, -0.06693, 0.04906, -0.02074, -0.02757, 0.09845, 0.13119, 0.0205, 0.10005, -0.10512, -0.20916, -0.10887, -0.22345, 0.18827, 0.01486, -0.16737, 0.10426, 0.03444, -0.01204, -0.13083], "the-nice-house-by-the-sea-8-1772918924": [-0.23579, 0.7973, -0.16314, -0.03487, -0.05903, -0.01825, 0.06963, -0.0924, -0.05236, -0.01085, 0.2789, -0.02786, -0.06365, -0.11228, -0.00875, -0.03809, 0.02203, 0.05937, -0.06978, 0.11895, -0.10207, -0.09341, -0.02226, -0.00377, 0.02832, -0.11515, -0.13153, -0.09663, -0.13687, 0.24892], "space-riders-2-1772905823": [0.61055, -0.00271, 0.16671, -0.00109, -0.13092, -0.2718, 0.44743, -0.10469, 0.00892, -0.00314, -0.19307, -0.30812, -0.0496, -0.13541, -0.08692, -0.09504, 0.04455, -0.12856, 0.00227, 0.04014, -0.0078, 0.05181, -0.00411, -0.01593, -0.26582, -0.00434, 0.05777, -0.1485, 0.08414, -0.03573], "under-the-trees-where-nobody-sees-rite-of-spring-5-1772599998": [-0.15723, -0.08725, -0.20445, 0.20449, 0.29606, -0.29295, -0.29129, -0.16839, -0.04048, 0.45878, 0.19761, 0.01091, 0.21084, 0.1062, -0.17451, 0.30406, 0.1117, 0.08266, -0.05261, -0.31884, 0.01994, -0.04333, -0.05743, -0.00524, -0.05696, 0.10929, -0.06054, -0.04561, -0.04583, -0.12279],