{"model_version": "vgg16-gram-4layer-normed-pca30-v1", "dim": 30, "embeddings": {"omaha-vol-2-4-1774217330": [-0.44025, 0.47884, -0.16788, -0.20366, 0.00332, 0.07014, 0.17426, 0.25365, -0.28681, 0.01858, 0.2371, 0.18774, -0.20009, 0.02993, 0.07881, -0.17413, -0.10913, 0.19511, 0.07565, -0.11627, 0.16944, 0.07409, -0.19721, -0.01126, 0.05357, -0.00688, 0.04702, -0.04027, -0.00724, -0.08264], "the-maxx-5-1774216970": [0.68072, 0.34591, 0.24881, -0.22103, -0.00107, 0.05737, -0.00097, 0.12417, -0.00613, 0.1433, -0.23059, -0.05574, -0.12134, -0.03384, 0.11222, -0.02668, 0.13041, 0.10955, 0.11774, -0.0699, -0.20646, -0.08684, 0.10066, -0.10984, 0.03744, 0.09079, 0.04676, 0.0918, -0.19059, 0.06903], "the-maxx-1-1774215636": [0.16553, -0.11823, -0.29245, -0.17179, 0.32994, -0.26068, -0.4413, -0.00228, -0.11715, 0.09804, -0.03286, -0.087, 0.03113, -0.31949, 0.01234, 0.1093, 0.20563, 0.37399, 0.20728, 0.22702, -0.07351, 0.05287, -0.05959, 0.11808, -0.0851, 0.03238, -0.09296, 0.05112, -0.00409, -0.05463], "omaha-vol-2-4-1774215021": [-0.2409, -0.65308, 0.01834, -0.05221, -0.24449, -0.07957, -0.25758, 0.42027, -0.1376, -0.06573, 0.00138, 0.00422, 0.03218, 0.10736, -0.20908, -0.14314, 0.07281, 0.05615, -0.09154, -0.01579, -0.17723, 0.11092, -0.07585, -0.01775, -0.0989, 0.14135, 0.03766, -0.01293, 0.02066, 0.06818], "100-3-1774130564": [-0.35645, -0.20911, -0.05206, -0.40811, 0.21009, -0.33102, 0.06193, 0.25162, 0.2048, 0.30553, -0.19904, 0.31183, 0.04819, 0.02719, -0.07599, 0.15494, 0.07012, -0.08128, -0.10665, -0.06996, 0.08604, -0.08403, 0.03769, 0.09686, 0.13181, -0.03548, 0.16422, 0.15413, -0.05249, -0.09444], "geiger-22-1774128278": [-0.04685, 0.39389, 0.40663, -0.03402, 0.36549, 0.22605, -0.16677, -0.03882, -0.24902, -0.15729, 0.08461, 0.14693, 0.07208, 0.3026, -0.2131, 0.36052, 0.12021, 0.03952, -0.00472, -0.16202, 0.01943, -0.06235, 0.10867, 0.02803, -0.03722, -0.04556, -0.03677, -0.06535, -0.06702, -0.04206], "infernal-hulk-5-1774124257": [0.81896, 0.04506, 0.04183, -0.0335, 0.04334, 0.01237, 0.04071, -0.00304, -0.11125, 0.0221, -0.03269, -0.07574, -0.02093, -0.03609, -0.11855, -0.0658, -0.27309, 0.10406, -0.09999, 0.00916, 0.19954, -0.022, 0.1019, -0.01894, -0.23316, 0.14277, 0.02198, 0.06285, 0.04153, -0.23125], "battle-beast-8-1774121456": [0.09372, -0.27417, 0.51212, -0.351, 0.26183, 0.31666, -0.37914, 0.04131, 0.12361, -0.10003, 0.22821, -0.06949, 0.00634, 0.11017, -0.00481, -0.11416, -0.03826, -0.20947, 0.07592, 0.07118, 0.03055, -0.0362, -0.07937, 0.05283, 0.08612, 0.13489, 0.04899, 0.09686, -0.04327, -0.04565], "100-2-1773890854": [-0.24826, 0.13237, -0.43408, -0.56609, 0.11801, -0.13648, 0.24337, 0.00438, 0.21166, -0.01987, -0.16259, -0.02863, -0.14138, -0.09129, -0.16165, 0.11471, 0.07933, -0.12238, -0.05597, 0.02534, 0.10581, 0.27791, 0.10281, 0.11995, 0.02951, 0.02973, 0.16926, 0.02032, -0.08533, 0.05968], "criminal-the-special-edition-0-1773888551": [-0.3226, -0.27093, -0.14312, 0.05375, 0.05784, -0.5951, 0.10679, -0.0236, 0.33593, 0.10772, -0.09601, 0.16387, 0.0871, 0.32333, -0.06703, -0.03379, 0.06544, 0.14861, 0.05811, -0.13442, -0.1043, -0.00558, 0.11111, -0.02915, 0.04677, 0.18083, 0.09359, -0.04821, 0.16756, -0.07384], "fatale-4-1773887276": [-0.05055, 0.58205, -0.52811, -0.24039, -0.29449, 0.09779, -0.0407, -0.02994, 0.27744, -0.20587, -0.05969, -0.03043, -0.08183, 0.15565, 0.01067, 0.01821, 0.18199, 0.0583, 0.06239, -0.06292, 0.04467, -0.05269, 0.06154, -0.01389, -0.08421, 0.01169, 0.06393, -0.02047, -0.01578, 0.05319], "love-rockets-1-1773544479": [-0.36657, -0.23828, 0.26348, 0.02925, -0.37425, -0.49159, -0.21842, -0.24671, -0.08492, -0.09307, -0.05862, 0.12503, -0.22195, -0.07603, -0.06199, -0.01829, 0.22628, -0.18267, 0.04755, -0.10504, 0.08064, 0.03709, -0.07535, -0.07856, 0.12748, -0.00017, -0.09614, 0.02753, -0.01444, -0.10027], "bleeding-hearts-2-1773522336": [-0.08313, -0.08427, -0.29345, 0.01209, 0.09631, 0.17557, -0.15462, -0.46575, 0.55614, 0.15346, 0.19576, -0.17347, 0.11086, 0.09431, -0.12277, -0.14517, 0.02849, 0.15976, 0.02299, -0.19117, 0.09543, 0.01002, -0.16586, 0.10135, 0.06843, -0.08248, 0.1308, 0.05169, -0.05746, 0.12347], "love-rockets-1-1773521483": [-0.46651, 0.6655, -0.06059, 0.03238, -0.17223, -0.23856, -0.21007, 0.16003, 0.08199, -0.10474, -0.05883, 0.06871, -0.07636, -0.14108, -0.12189, -0.13167, -0.01116, -0.13053, -0.04519, 0.0444, 0.03197, -0.21265, 0.0778, -0.06491, 0.00121, 0.00128, -0.05514, 0.01559, 0.04635, 0.10735], "heavy-metal-5-1773108178": [0.08148, 0.0471, -0.43118, -0.27328, 0.32806, -0.33002, 0.02637, -0.26743, -0.3631, -0.09172, 0.00053, -0.30231, 0.02676, 0.18375, 0.06404, -0.28949, 0.02226, -0.01471, -0.18974, -0.04542, -0.10878, -0.14456, 0.01146, -0.00656, 0.07983, -0.0635, -0.02145, 0.05173, -0.04204, -0.0278], "heavy-metal-5-1773107506": [0.06082, -0.39315, -0.59826, 0.08089, -0.27773, 0.09215, -0.16274, 0.13864, -0.13223, 0.06686, -0.10285, -0.24194, 0.16052, 0.16049, 0.12077, 0.0293, -0.13392, -0.12854, 0.20814, -0.14704, -0.06273, -0.15875, 0.04293, 0.08837, -0.01729, -0.1959, -0.05682, 0.08299, -0.02836, 0.01106], "heavy-metal-5-1773106373": [0.16677, -0.00054, -0.28901, -0.04869, 0.32399, -0.14335, -0.38281, 0.08982, 0.30352, -0.15156, 0.46964, 0.25349, 0.17754, -0.08039, 0.21757, -0.06644, -0.03743, -0.14257, -0.13405, -0.11045, -0.01367, 0.02624, 0.07693, 0.15689, -0.1029, 0.12947, -0.00501, 0.06096, 0.02929, -0.03546], "heavy-metal-5-1773105715": [0.18601, 0.28984, 0.10255, 0.37152, -0.16383, 0.07575, -0.15743, 0.04148, -0.30281, -0.22723, -0.06661, 0.15145, 0.45073, -0.21269, 0.19013, -0.13372, 0.33311, -0.03895, 0.07161, 0.04894, 0.1819, 0.00087, 0.05992, 0.05551, -0.00626, -0.02542, 0.13244, -0.04104, 0.14376, -0.01753], "faithless-ii-5-1773104441": [-0.2489, 0.35488, -0.42282, 0.0916, -0.30579, 0.07993, -0.21019, 0.03846, 0.11814, -0.15397, 0.03173, -0.11208, -0.01355, 0.26057, -0.07793, -0.19267, 0.09697, -0.02967, 0.21368, 0.14282, -0.02395, 0.2317, 0.19937, -0.04837, -0.19217, 0.05832, -0.21837, -0.0651, -0.19671, -0.1151], "fatale-2-1773102971": [-0.5513, 0.55253, 0.04556, 0.28119, -0.07127, -0.02583, 0.20138, -0.21056, 0.1262, 0.01089, 0.06988, 0.06707, 0.14528, 0.14933, 0.05132, -0.0197, -0.13586, 0.20476, 0.17085, 0.03836, -0.07673, 0.09612, -0.01343, 0.05741, -0.01286, -0.0078, -0.11532, 0.1233, 0.01658, 0.09212], "heavy-liquid-1-1773021261": [0.2289, -0.30839, 0.33902, -0.59768, -0.11477, 0.35251, 0.06851, -0.01458, -0.04044, -0.06888, -0.07852, -0.02122, -0.08296, 0.2122, 0.07541, -0.05031, -0.04864, -0.07137, 0.04868, 0.29859, 0.07772, 0.1049, 0.03612, -0.16406, -0.0076, 0.08089, -0.02709, 0.07312, 0.04864, 0.07465], "heavy-liquid-3-1773012418": [-0.16388, -0.28515, 0.02777, -0.54462, -0.07424, -0.03183, 0.51748, -0.30348, -0.01395, -0.24221, 0.01511, 0.06813, 0.01992, 0.07347, 0.08313, 0.09414, 0.08793, -0.09038, -0.03319, 0.17747, 0.04519, 0.24664, -0.01916, -0.11906, -0.05117, 0.01283, -0.02999, 0.08774, 0.01862, 0.07148], "under-the-trees-where-nobody-sees-rite-of-spring-6-1773012198": [-0.04438, 0.54886, -0.19888, 0.33202, 0.05001, 0.24514, -0.44473, 0.01523, -0.15413, 0.01061, 0.00551, -0.03136, 0.132, -0.01903, -0.0504, 0.08261, -0.12761, -0.0634, -0.02412, 0.18749, -0.12989, 0.10613, -0.08365, -0.22955, 0.18684, -0.03613, 0.22414, 0.05807, 0.0249, -0.00606], "the-nice-house-by-the-sea-8-1772918924": [-0.33863, 0.7744, 0.04382, 0.05543, -0.06267, -0.03848, 0.00906, -0.18606, 0.10971, -0.03331, -0.29478, 0.09543, -0.03536, -0.12983, -0.01169, -0.01475, 0.01212, -0.04278, -0.08988, -0.0585, -0.21036, -0.00132, 0.01116, -0.02327, -0.06921, -0.01854, 0.07596, -0.08221, 0.12156, -0.14865], "space-riders-2-1772905823": [0.61031, 0.05657, 0.13572, -0.03903, -0.12975, -0.22565, 0.48196, -0.09075, -0.11884, 0.00935, 0.21895, 0.20498, 0.13962, -0.1552, -0.08672, -0.05924, 0.01905, -0.12709, 0.08653, 0.0011, -0.05957, 0.01408, 0.10147, -0.01688, -0.00479, -0.22426, -0.09288, 0.11555, -0.11369, -0.11738],