{"model_version": "vgg16-gram-4layer-normed-pca30-v1", "dim": 30, "embeddings": {"omaha-vol-2-4-1774215021": [-0.26865, -0.64403, 0.0034, 0.02028, -0.30522, 0.03745, 0.30887, 0.32191, -0.16068, 0.05968, -0.06967, -0.03951, 0.00479, 0.0766, -0.25362, -0.10692, 0.01275, 0.12178, 0.10774, -0.16541, -0.0235, -0.03047, 0.07292, -0.07404, 0.13455, -0.01363, 0.12047, -0.0481, 0.01306, -0.00809], "100-3-1774130564": [-0.36314, -0.21107, -0.07134, -0.37198, 0.18116, -0.35691, 0.16827, 0.26382, 0.22007, 0.23126, 0.32548, -0.21698, -0.08312, 0.03424, -0.00292, 0.08482, -0.16486, 0.02969, -0.05585, 0.06461, -0.0399, 0.12857, -0.11074, -0.00418, 0.01285, 0.22166, -0.10927, 0.13115, -0.0854, -0.01722], "geiger-22-1774128278": [-0.05966, 0.4073, 0.40829, -0.0534, 0.35831, 0.24558, 0.14158, -0.06527, -0.25207, 0.04307, -0.12982, -0.23534, -0.1094, 0.38228, -0.10614, 0.24231, -0.19312, 0.01384, 0.09578, 0.10452, 0.03363, 0.01607, 0.00114, -0.00011, -0.03077, -0.07738, -0.09628, 0.06068, 0.02399, -0.0532], "infernal-hulk-5-1774124257": [0.81794, 0.00967, 0.12829, -0.04975, 0.05434, -0.00254, -0.00615, -0.01398, -0.07714, 0.10223, 0.02348, 0.1266, 0.01063, -0.10207, -0.10088, 0.11686, 0.16581, 0.1413, -0.03868, 0.16069, 0.13468, 0.01167, 0.25882, -0.07549, 0.08571, 0.05727, -0.1807, -0.06238, -0.05205, 0.16062], "battle-beast-8-1774121456": [0.02499, -0.27622, 0.53257, -0.30733, 0.25111, 0.40758, 0.33396, 0.01088, 0.10867, -0.13418, -0.16323, 0.04949, 0.04713, 0.02825, -0.03053, -0.09634, 0.0764, -0.17171, -0.10517, -0.05729, -0.08905, 0.11438, 0.05516, 0.07022, 0.11179, 0.13775, -0.09274, 0.08737, -0.00789, -0.07494], "100-2-1773890854": [-0.2006, 0.09883, -0.44727, -0.59655, 0.18442, -0.23987, -0.12052, 0.11705, 0.05238, -0.06423, 0.15026, 0.09679, -0.19889, -0.05771, -0.08171, 0.05381, -0.13401, -0.02364, -0.08695, -0.15242, 0.24538, 0.18391, -0.05716, -0.11161, 0.04575, 0.01802, 0.05043, 0.07329, -0.0162, -0.11557], "criminal-the-special-edition-0-1773888551": [-0.31441, -0.20676, -0.17463, 0.05182, -0.00926, -0.5951, 0.14881, -0.00956, 0.26666, -0.05792, 0.23299, -0.06817, 0.16035, 0.29866, -0.12063, 0.00151, -0.0393, 0.02657, 0.1875, 0.06307, 0.04243, -0.05715, -0.05042, 0.0107, 0.23399, 0.06144, -0.06648, -0.15046, -0.20447, -0.09687], "fatale-4-1773887276": [0.02998, 0.55655, -0.54709, -0.34736, -0.22291, 0.11952, -0.03733, 0.07179, 0.046, -0.28014, 0.0766, 0.07886, -0.02062, 0.19455, -0.00763, -0.07539, -0.13178, -0.03494, 0.03082, 0.12205, 0.01965, -0.03538, 0.02842, -0.10539, 0.03395, -0.0259, 0.04727, 0.02976, -0.02179, 0.09363], "love-rockets-1-1773544479": [-0.40156, -0.17435, 0.22075, 0.02491, -0.48571, -0.33139, 0.2376, -0.32576, -0.09251, -0.08149, 0.09787, -0.02113, -0.2236, -0.06174, -0.0547, -0.10652, -0.24275, -0.15062, -0.02976, -0.08848, 0.0146, -0.05117, -0.0043, 0.17743, -0.03638, 0.00395, -0.10992, -0.07436, -0.07374, 0.09096], "bleeding-hearts-2-1773522336": [-0.06245, -0.02731, -0.31793, -0.04066, 0.13247, 0.20727, 0.04579, -0.38416, 0.59234, -0.22227, -0.0114, 0.20738, 0.30706, 0.033, -0.21946, 0.05722, -0.15435, 0.02773, 0.04983, 0.00102, -0.06232, 0.10386, -0.07504, -0.07286, -0.0715, 0.06331, 0.17092, 0.03174, 0.00503, 0.01276], "love-rockets-1-1773521483": [-0.41152, 0.68507, -0.11317, -0.04657, -0.22942, -0.12104, 0.22715, 0.16506, -0.04273, -0.07957, 0.05808, -0.04412, -0.13795, -0.17034, -0.11945, -0.1174, 0.06372, -0.00749, -0.03946, 0.15619, -0.07505, -0.05256, 0.0544, 0.08324, -0.03602, 0.01914, 0.01566, -0.01719, 0.09215, -0.22716], "heavy-metal-5-1773108178": [0.12249, 0.03128, -0.39304, -0.28222, 0.29474, -0.34827, 0.16056, -0.32421, -0.32811, 0.14608, -0.2392, 0.22895, 0.14636, 0.02291, -0.03314, -0.2555, 0.04978, 0.17574, 0.0851, 0.05753, -0.12728, -0.0163, -0.05969, 0.06049, -0.03989, 0.05954, -0.05155, 0.09207, -0.00086, 0.00198], "heavy-metal-5-1773107506": [0.10401, -0.37998, -0.60812, 0.07905, -0.26563, 0.15624, 0.1199, 0.10473, -0.13375, 0.19278, -0.08168, 0.16448, 0.22444, 0.06782, 0.10993, 0.08718, 0.07484, -0.23101, 0.1839, 0.1207, -0.09663, 0.03171, -0.09682, 0.04488, -0.19218, 0.0254, -0.05119, -0.05803, 0.03682, -0.1048], "heavy-metal-5-1773106373": [0.19947, 0.0184, -0.23893, -0.05895, 0.24155, -0.02388, 0.54572, 0.03102, 0.3024, -0.30212, -0.22889, -0.35981, 0.10143, -0.15444, 0.17985, -0.07643, 6e-05, 0.05629, 0.08455, -0.01687, 0.03863, 0.21353, 0.14158, -0.00179, 0.05562, 0.01711, -0.03081, -0.08893, 0.08815, 0.08346], "heavy-metal-5-1773105715": [0.20323, 0.33339, 0.10974, 0.32314, -0.19784, 0.15723, 0.03771, 0.01559, -0.37833, -0.00063, -0.03389, -0.34807, 0.32699, -0.19664, 0.10197, -0.24607, -0.2622, -0.10124, -0.15309, 0.10868, 0.10033, 0.05024, -0.11917, -0.1007, 0.05779, -0.03108, 0.03813, -0.1438, -0.0426, 0.06451], "faithless-ii-5-1773104441": [-0.18104, 0.38769, -0.46746, 0.01143, -0.29874, 0.17402, 0.11354, 0.06477, -0.00871, -0.16567, -0.06902, 0.10561, 0.07204, 0.24236, -0.1595, -0.22445, 0.12617, -0.19312, -0.0133, -0.06426, 0.26335, -0.03646, 0.19761, -0.01736, -0.05917, -0.20035, -0.07832, 0.10559, -0.09381, 0.20295], "fatale-2-1773102971": [-0.49292, 0.60336, -0.03156, 0.19526, -0.03993, -0.08526, -0.25671, -0.12644, 0.12874, -0.0865, -0.0037, -0.10088, 0.17802, 0.17874, 0.00322, 0.05403, 0.21458, -0.0311, 0.12386, 0.01564, 0.0675, -0.01006, 0.03607, 0.02935, -0.06439, 0.08328, 0.20379, 0.0798, 0.14042, 0.11906], "heavy-liquid-1-1773021261": [0.17609, -0.35885, 0.34965, -0.5585, -0.00953, 0.29771, -0.16224, 0.03216, -0.09715, -0.00287, 0.06453, 0.08842, -0.03023, 0.20176, 0.07275, -0.14218, 0.20258, -0.05305, -0.16014, -0.09152, 0.14112, -0.13059, 0.05692, 0.12144, 0.03863, 0.07914, 0.06553, 0.0689, 0.20404, -0.10074], "heavy-liquid-3-1773012418": [-0.16059, -0.31784, 0.01251, -0.55687, 0.05598, -0.22209, -0.4782, -0.18678, -0.13529, -0.20566, -0.02145, -0.10215, -0.02934, 0.13552, 0.11138, -0.06031, -0.00658, -0.02044, -0.13873, -0.22481, 0.1575, -0.06778, 0.10956, 0.00492, -0.06254, 0.05607, 0.06363, -0.07195, -0.09382, -0.0582], "under-the-trees-where-nobody-sees-rite-of-spring-6-1773012198": [0.00379, 0.5896, -0.20781, 0.25958, 0.00506, 0.38539, 0.29294, -0.02844, -0.1224, 0.13126, -0.08698, -0.05544, 0.04709, -0.04799, -0.01042, 0.11725, 0.13113, 0.0082, -0.16017, -0.25152, -0.02166, -0.18926, -0.19977, -0.05538, 0.05951, 0.16196, 0.01778, -0.04012, -0.16054, 0.04979], "the-nice-house-by-the-sea-8-1772918924": [-0.29036, 0.77575, -0.01694, -0.04965, -0.04911, -0.02737, -0.08704, -0.08627, -0.04729, -0.03732, 0.27916, -0.00655, -0.06154, -0.11555, 0.00698, -0.03214, -0.01349, 0.06564, 0.1618, -0.08014, -0.08132, -0.09346, -0.05526, -0.08412, 0.10046, -0.00198, -0.14435, 0.00912, 0.30059, 0.09597], "space-riders-2-1772905823": [0.61723, 0.02049, 0.19239, -0.06863, -0.07592, -0.36369, -0.37007, -0.05044, 0.00851, 0.03095, -0.14033, -0.31692, -0.02769, -0.13443, -0.09016, -0.06441, 0.04183, -0.12564, 0.06524, 0.00045, 0.04309, -0.01104, -0.02828, 0.01554, -0.28246, 0.07951, -0.1354, 0.05201, -0.12296, 0.00237], "under-the-trees-where-nobody-sees-rite-of-spring-5-1772599998": [-0.11367, -0.03418, -0.18723, 0.2343, 0.17363, -0.21518, 0.38954, -0.22403, 0.14345, 0.4317, 0.2541, 0.10035, 0.1641, 0.04555, -0.11741, 0.30191, 0.00473, 0.07638, -0.32291, -0.06232, -0.01601, 0.02003, 0.07885, 0.08721, -0.11236, -0.1247, -0.00336, -0.16167, 0.11204, -0.0818], "dark-spaces-wildfire-1-1772597937": [0.55903, -0.0002, -0.42185, -0.12019, -0.28309, 0.06343, 0.10001, 0.28062, 0.13601, 0.03352, -0.2059, 0.15625, -0.08852, 0.12384, 0.23607, 0.14694, -0.16515, -0.03665, 0.13764, 0.1144, -0.07416, -0.13435, -0.06148, 0.14839, 0.10433, -0.03783, 0.08158, -0.0257, -0.04109, 0.06271], "the-many-deaths-of-laila-starr-4-1772597713": [0.34931, -0.16536, -0.05009, 0.21272, -0.59696, 0.40872, -0.05009, -0.15944, 0.02705, 0.02091, 0.13446, 0.15834, -0.06797, 0.22368, 0.11829, -0.17919, -0.11437, 0.09723, -0.17115, -0.05701, 0.06633, 0.06933, -0.09331, -0.01523, -0.02283, 0.0507, -0.14288, 0.01137, 0.04145, -0.08881],