{"model_version": "vgg16-gram-4layer-normed-pca30-v1", "dim": 30, "embeddings": {"minor-arcana-15-1774730563": [-0.41231, -0.04058, -0.18466, -0.24649, -0.34391, 0.24544, -0.18302, 0.18943, 0.13051, -0.28532, -0.11144, 0.07851, 0.10732, -0.01469, -0.23999, 0.15928, -0.13619, 0.10112, -0.00666, 0.14416, -0.01809, -0.14696, -0.25298, -0.15489, -0.25517, -0.08822, -0.0897, 0.14975, -0.08615, -0.05983], "just-brutal-2-1774726746": [0.83429, 0.02104, 0.23339, -0.08308, -0.10483, 0.17667, 0.13377, 0.00287, -0.13131, -0.11736, -0.01597, 0.05347, 0.05979, -0.0138, -0.10325, 0.06773, -0.00735, 0.05472, -0.26129, 0.03824, 0.07961, 0.08227, -0.01458, -0.02371, -0.14885, 0.04742, 0.07821, 0.00088, -0.0747, 0.07827], "criminal-the-special-edition-0-1774321106": [-0.00534, -0.07876, -0.30306, 0.44508, -0.19392, 0.08244, 0.22201, -0.50086, 0.26448, 0.00745, 0.01495, 0.1246, -0.10132, 0.31334, 0.08952, 0.08311, -0.20236, 0.18599, -0.01948, -0.06594, 0.00962, -0.11257, 0.02134, -0.02973, 0.06781, -0.02744, 0.04663, 0.02753, 0.02032, 0.21698], "omaha-vol-2-4-1774217330": [-0.44263, 0.48111, -0.12585, -0.22132, 0.00294, 0.08122, 0.15355, 0.26623, -0.25062, 0.089, 0.22995, 0.21178, -0.2134, 0.03164, 0.01536, 0.17997, 0.0972, 0.14719, 0.15312, 0.05851, 0.21115, 0.09196, 0.15874, -0.10186, 0.0115, 0.03697, -0.05006, 0.03604, -0.04931, 0.06911], "the-maxx-5-1774216970": [0.68174, 0.34424, 0.19501, -0.20963, -0.00044, 0.02729, -0.03902, 0.10701, 0.03912, 0.11585, -0.24734, -0.05728, -0.13662, -0.00571, 0.10625, 0.07574, -0.12216, -0.00609, 0.16361, 0.09901, -0.17658, -0.0308, -0.02428, 0.13978, -0.07954, 0.15959, -0.01272, -0.09083, -0.21053, -0.1326], "the-maxx-1-1774215636": [0.12176, -0.12278, -0.28665, -0.19505, 0.39235, -0.24254, -0.40126, -0.05586, -0.11387, 0.06532, -0.06116, -0.07155, 0.06602, -0.22045, 0.07664, 0.01236, -0.36011, 0.32125, -0.03028, 0.30953, -0.09978, 0.08696, 0.02543, -0.1108, 0.02454, -0.03106, 0.13954, -0.06083, 0.0091, 0.05528], "omaha-vol-2-4-1774215021": [-0.26185, -0.64691, 0.06094, -0.09084, -0.20346, -0.15191, -0.29869, 0.39563, -0.09955, -0.04765, 0.02264, 0.02802, 0.01528, 0.1182, -0.21957, 0.05883, -0.06329, 0.02178, 0.05734, -0.12007, -0.17192, 0.13344, 0.07648, -0.05057, -0.08266, 0.06812, 0.00814, -0.0172, 0.13893, -0.04815], "100-3-1774130564": [-0.37398, -0.20056, 0.00197, -0.40651, 0.27233, -0.28565, 0.09261, 0.18716, 0.25192, 0.23491, -0.25832, 0.32513, 0.044, 0.02295, -0.01581, -0.16374, -0.08489, -0.05271, -0.04413, -0.12391, 0.10451, -0.10108, -0.04469, -0.02739, 0.04598, 0.10155, -0.12207, -0.14981, -0.11273, 0.14504], "geiger-22-1774128278": [-0.0187, 0.40627, 0.40459, -0.02037, 0.31857, 0.26919, -0.18088, -0.06601, -0.21713, -0.12627, 0.11498, 0.16484, 0.01349, 0.28927, -0.10406, -0.42445, -0.15053, -0.03338, 0.16102, -0.03308, 0.02631, -0.04294, -0.12072, 0.0411, -0.01918, -0.05167, 0.03016, 0.03503, -0.05943, 0.05322], "infernal-hulk-5-1774124257": [0.84122, 0.04003, -0.01408, -0.03637, 0.04944, 0.00942, 0.01786, 0.02718, -0.1093, 0.01376, -0.04284, -0.07593, -0.00264, -0.05497, -0.13553, 0.01835, 0.19996, 0.23491, -0.02274, -0.07372, 0.19782, -0.02885, -0.12521, 0.061, -0.20957, 0.01817, 0.14171, -0.0239, 0.03165, 0.13336], "battle-beast-8-1774121456": [0.11869, -0.25724, 0.52567, -0.3416, 0.2092, 0.30239, -0.40171, -0.0538, 0.13444, -0.02885, 0.25247, -0.06618, -0.00356, 0.09209, -0.05764, 0.07561, 0.11567, -0.17672, -0.11213, 0.04588, 0.02782, -0.07214, 0.07037, -0.06331, 0.05014, 0.19318, -0.00466, -0.07492, -0.0503, 0.0215], "100-2-1773890854": [-0.28374, 0.13013, -0.38697, -0.58138, 0.14497, -0.09448, 0.27844, 0.0057, 0.19612, -0.05478, -0.15009, -0.05284, -0.11421, -0.15672, -0.10848, -0.14773, -0.06799, -0.10521, -0.12753, -0.06662, 0.11014, 0.21173, -0.18203, -0.06494, 0.04797, 0.0734, -0.14579, -0.08545, 0.01534, -0.04617], "criminal-the-special-edition-0-1773888551": [-0.36463, -0.27331, -0.1229, 0.07293, 0.16227, -0.56177, 0.18171, -0.05336, 0.35489, 0.04412, -0.12412, 0.1819, 0.06488, 0.2814, -0.13795, -0.0174, -0.02541, 0.01653, 0.18138, 0.05201, -0.06576, 0.05035, -0.08273, 0.06888, -0.06489, 0.18025, 0.00279, 0.04805, 0.13558, 0.05149], "fatale-4-1773887276": [-0.10068, 0.57276, -0.54018, -0.25701, -0.30787, 0.03603, -0.03661, -0.06422, 0.27012, -0.19546, -0.00066, -0.04666, -0.10828, 0.12841, -0.00676, -0.02212, -0.13166, -0.07197, 0.0802, 0.06188, 0.0648, -0.0115, -0.0271, 0.05483, -0.07692, 0.00014, -0.01884, -0.03462, 0.04879, -0.09803], "love-rockets-1-1773544479": [-0.36024, -0.22491, 0.28763, 0.04855, -0.27069, -0.56114, -0.13455, -0.24022, -0.12434, -0.12195, -0.04319, 0.10955, -0.19543, -0.13956, -0.06617, 0.00694, -0.14537, -0.26523, 0.00787, -0.01152, 0.09044, 0.08152, 0.08789, 0.03684, 0.0128, 0.05502, 0.05488, 0.10599, -0.1737, 0.03325], "bleeding-hearts-2-1773522336": [-0.13032, -0.09365, -0.30319, 0.03227, 0.06889, 0.16387, -0.10911, -0.53067, 0.49323, 0.18069, 0.15929, -0.19865, 0.14469, 0.02402, -0.18051, 0.06974, 0.02005, 0.02117, 0.23791, -0.01344, 0.12209, 0.06394, 0.10169, -0.14161, 0.0511, -0.00984, -0.14532, -0.11336, -0.02041, -0.11106], "love-rockets-1-1773521483": [-0.47669, 0.66602, -0.04231, 0.01796, -0.11615, -0.27713, -0.19549, 0.13528, 0.0741, -0.11848, -0.03049, 0.05795, -0.05026, -0.16411, -0.10927, 0.08045, 0.02601, -0.07124, -0.06439, -0.09215, -0.00243, -0.18578, 0.02843, 0.1442, 0.08123, -0.03173, 0.10097, -0.06409, 0.10322, 0.03873], "heavy-metal-5-1773108178": [0.04598, 0.03921, -0.41833, -0.2756, 0.39218, -0.26298, 0.10636, -0.24342, -0.3735, -0.10069, 0.01095, -0.2709, -0.00313, 0.24179, -0.05663, 0.28563, 0.01909, -0.01051, 0.05339, -0.20294, -0.11578, -0.12599, 0.01656, 0.03893, 0.0399, 0.00159, -0.00837, -0.0392, -0.07948, 0.01884], "heavy-metal-5-1773107506": [-0.00798, -0.40528, -0.58762, 0.03189, -0.24788, 0.00294, -0.19816, 0.15751, -0.14236, 0.08663, -0.10134, -0.24189, 0.11835, 0.1851, 0.11814, -0.04714, 0.19937, -0.16862, 0.14504, 0.13641, -0.05274, -0.16026, -0.05052, 0.0077, 0.12174, -0.13641, 0.07995, -0.13325, -0.03335, 0.07244], "heavy-metal-5-1773106373": [0.12197, -0.00755, -0.29781, -0.06685, 0.36058, -0.12349, -0.36555, -0.00094, 0.30296, -0.06648, 0.4909, 0.24968, 0.18546, -0.057, 0.19554, 0.11689, 0.0885, -0.10778, -0.02908, -0.15312, 0.01212, 0.00733, -0.18817, -0.12053, -0.10719, 0.07729, 0.09395, -0.05409, 0.02734, 0.00939], "heavy-metal-5-1773105715": [0.18606, 0.28935, 0.06938, 0.35478, -0.16865, 0.03585, -0.19569, 0.09114, -0.30661, -0.24283, -0.02346, 0.14987, 0.43971, -0.06691, 0.221, 0.22439, -0.29601, -0.14182, -0.02147, 0.06305, 0.18498, -0.03214, -0.05724, 0.02715, 0.09885, 0.02831, -0.08999, 0.01307, 0.17603, 0.01951], "faithless-ii-5-1773104441": [-0.2947, 0.35639, -0.42917, 0.06263, -0.31774, 0.01364, -0.22181, 0.02237, 0.09324, -0.14866, 0.07243, -0.10598, -0.02254, 0.21779, -0.21678, 0.14541, 0.00806, -0.11929, -0.13831, 0.24891, -0.01316, 0.23599, -0.1164, 0.11208, -0.0977, -0.05027, 0.214, 0.0934, -0.18035, -0.08581], "fatale-2-1773102971": [-0.55128, 0.56035, 0.0576, 0.30469, -0.07517, -0.00895, 0.23021, -0.17689, 0.09169, 0.00882, 0.06092, 0.0617, 0.13983, 0.11963, 0.0054, 0.00399, 0.14486, 0.14737, 0.0863, 0.20657, -0.07781, 0.12264, 0.00882, -0.04921, 0.05387, -0.03559, 0.08193, -0.11517, 0.04059, -0.06163], "heavy-liquid-1-1773021261": [0.25551, -0.29369, 0.35261, -0.57296, -0.17254, 0.30587, 0.0494, -0.04845, -0.02249, -0.04242, -0.04734, -0.01766, -0.12601, 0.2018, 0.02412, 0.0435, 0.10188, -0.0112, -0.24183, 0.08609, -0.02607, 0.13857, 0.07107, 0.17763, 0.09184, -0.01498, 0.073, -0.11213, 0.17698, 0.11418], "heavy-liquid-3-1773012418": [-0.15202, -0.27949, 0.07624, -0.51872, -0.08184, 0.00218, 0.57381, -0.2484, -0.04685, -0.22917, 0.06708, 0.04769, 0.00196, 0.05131, 0.09088, -0.07215, -0.03449, -0.09105, -0.19894, 0.01639, -0.00086, 0.24296, 0.04119, 0.05657, -0.0115, -0.08346, 0.01483, -0.05015, 0.07054, -0.14345],