{"model_version": "vgg16-gram-3layer-pca256-v1", "dim": 36, "embeddings": {"the-nice-house-by-the-sea-8-1772918924": [-0.54086, 0.04922, 0.03453, 0.53191, -0.21565, -0.2872, -0.01758, -0.04778, -0.26718, -0.08877, 0.08473, -0.02014, -0.08247, 0.11192, 0.0588, -0.13167, -0.01548, -0.08838, -0.04598, -0.02239, 0.01303, 0.07733, 0.09772, -0.03261, 0.0082, 0.21634, -0.13121, 0.25088, -0.05195, 0.03362, 0.03308, -0.02663, 0.0167, 0.01857, 0.04078, -0.0], "space-riders-2-1772905823": [0.69449, 0.49691, -0.35886, 0.06721, -0.13878, 0.15417, 0.002, -0.0352, 0.12791, -0.06219, 0.05178, -0.07388, 0.03836, 0.2062, -0.02969, 0.00953, 0.02724, 0.07557, -0.06065, -0.0826, -0.01039, 0.00363, 0.00446, -0.03707, 0.00371, -0.02664, 0.00732, 0.01367, 0.00494, 0.0145, -0.00576, 0.00138, 0.01161, 0.00021, 0.0054, -0.0], "under-the-trees-where-nobody-sees-rite-of-spring-5-1772599998": [-0.71979, 0.2001, 0.29553, -0.05283, -0.05421, 0.05839, -0.17946, 0.14669, -0.03575, 0.01635, -0.26069, 0.0318, -0.06146, 0.04752, -0.06583, -0.00644, -0.14015, 0.09144, -0.0642, -0.05946, -0.15538, 0.07255, -0.12894, 0.01426, 0.07953, -0.02014, -0.12349, -0.05586, -0.00385, 0.20429, -0.0538, 0.07257, -0.14532, 0.17575, -0.04274, -0.0], "dark-spaces-wildfire-1-1772597937": [-0.25854, 0.24012, 0.15725, -0.41008, -0.25648, 0.10306, 0.42117, 0.0107, -0.06861, 0.19546, 0.14194, -0.08008, 0.18579, -0.21816, -0.12844, 0.19775, -0.11585, -0.16349, -0.11682, 0.07143, -0.04857, 0.18445, 0.01778, -0.27184, -0.07022, -0.0287, 0.12293, 0.11876, 0.06647, 0.03094, -0.09547, 0.02672, 0.03205, 0.02137, -0.01933, -0.0], "the-many-deaths-of-laila-starr-4-1772597713": [-0.43003, 0.07121, 0.09598, -0.32612, 0.27272, -0.14502, 0.21862, -0.35451, -0.11006, -0.02741, -0.1464, -0.18864, 0.06676, -0.03601, 0.02864, -0.09393, 0.05151, 0.31828, 0.03412, 0.13609, 0.06645, -0.09177, 0.02506, -0.05893, 0.1196, -0.14553, 0.17395, 0.15212, -0.14807, -0.05243, 0.13589, -0.20611, -0.04961, 0.1352, -0.06673, -0.0], "heavy-metal-12-1772412303": [-0.19322, -0.47364, 0.07081, 0.00087, 0.02241, -0.10224, 0.05387, -0.51331, 0.10178, -0.33189, 0.32161, -0.21313, -0.16192, -0.12119, 0.14593, -0.00158, -0.15183, 0.06934, 0.02362, -0.16939, -0.00962, 0.16684, -0.06205, 0.07958, -0.02374, 0.00864, 0.05299, -0.08247, 0.12026, 0.01882, -0.00911, -0.04098, -0.00559, 0.01894, 0.04431, -0.0], "absolute-martian-manhunter-8-1772397781": [-0.3677, 0.13974, -0.31386, 0.00302, 0.31441, 0.06836, -0.60822, 0.0168, -0.21111, -0.13929, -0.08027, -0.14716, 0.21098, -0.02367, -0.10315, -0.05168, 0.056, -0.05774, 0.25433, 0.04449, -0.14533, 0.11369, 0.05389, -0.02407, -0.04699, -0.05038, 0.00138, 0.02115, 0.05469, -0.02731, -0.03606, -0.02773, -0.00897, -0.02851, -0.00155, -0.0], "frank-1-1772394369": [-0.61849, -0.2753, -0.07027, 0.04966, 0.33452, 0.04833, 0.01446, 0.04611, 0.19983, 0.00267, 0.14597, -0.19471, -0.07526, 0.05997, -0.15646, 0.01119, 0.26093, -0.0757, -0.24789, 0.25337, 0.03463, -0.09368, -0.0875, 0.12409, -0.08581, -0.05305, -0.08559, 0.05229, 0.16743, 0.04311, 0.00535, -0.03681, -0.01945, 0.01314, 0.01116, -0.0], "red-book-4-1772394229": [-0.32387, -0.01186, 0.22584, 0.4333, 0.16909, 0.66267, 0.27455, -0.17134, 0.01665, 0.19461, -0.04703, 0.00266, -0.06326, -0.02411, -0.09441, -0.04717, 0.03163, 0.00123, 0.13809, -0.05458, 0.02974, 0.01428, 0.02275, 0.02757, 0.02395, 0.00766, -0.0307, 0.00567, 0.00612, -0.01896, -0.00335, 0.00538, 0.01232, -0.00078, 0.0074, -0.0], "hyde-street-10-1772390798": [-0.58557, 0.18935, 0.098, -0.26524, -0.39675, 0.01707, -0.0657, 0.18489, 0.14071, 0.2073, 0.01426, 0.11652, 0.17444, -0.02506, 0.0991, -0.03553, -0.02882, 0.10002, 0.05492, -0.02825, 0.02419, 0.02455, 0.01081, -0.137, -0.13554, 0.07075, -0.21219, -0.16231, 0.13159, -0.0256, 0.2132, -0.12669, 0.11535, 0.04317, -0.0478, -0.0], "space-riders-galaxy-of-brutality-1-1772313901": [-0.09812, 0.53368, 0.01962, 0.17761, -0.64741, -0.02379, 0.05912, 0.08781, -0.16814, -0.04178, 0.18898, -0.11107, 0.16557, -0.2427, -0.05813, -0.00747, 0.01963, 0.01204, 0.06266, 0.02155, -0.03163, -0.18681, 0.01567, 0.16679, 0.04573, 0.01718, 0.02883, -0.03481, -0.00272, 0.03452, -0.01826, -0.00102, -0.00605, -0.00463, -0.00186, -0.0], "creatures-of-the-id-1-1772261881": [0.26997, 0.76457, -0.33767, -0.07786, 0.24291, -0.03006, 0.06906, 0.03267, -0.00421, -0.02651, -0.02396, 0.11088, -0.2465, -0.19698, 0.11106, 0.08863, 0.08514, -0.01666, 0.02845, 0.05805, 0.02774, 0.08301, -0.02008, 0.02384, 0.01651, 0.03318, -0.03083, -0.01333, -0.01747, -0.00413, 0.00062, -0.00612, -0.00593, -0.00052, -0.01192, -0.0], "eightball-13-1772234666": [-0.45892, 0.11529, 0.14233, 0.03866, 0.4796, -0.05916, -0.0583, 0.27391, -0.02197, 0.01124, -0.04938, 0.17217, 0.20217, 0.15006, 0.019, 0.06344, -0.07661, 0.00468, -0.1233, -0.0619, -0.03555, -0.03622, -0.16166, 0.04664, 0.36726, 0.23054, 0.12395, -0.02005, 0.18791, -0.13891, -0.10724, -0.07641, 0.08922, -0.01085, -0.04807, -0.0], "concrete-killer-smile-4-1772080387": [0.47754, -0.01183, 0.3001, -0.60262, 0.13476, 0.06953, -0.05597, 0.02078, -0.24384, 0.00225, -0.10806, -0.07383, -0.18917, 0.06166, -0.09226, 0.20296, 0.0244, -0.09343, -0.05457, -0.19825, -0.08689, -0.11695, 0.17404, 0.10402, -0.06955, 0.04244, 0.01345, 0.01759, 0.0139, -0.04382, 0.04343, -0.01004, 0.00887, 0.02982, 0.00585, -0.0], "stray-bullets-sunshine-roses-17-1771987399": [-0.11987, -0.58306, -0.36169, -0.28952, 0.20294, -0.00646, 0.29289, 0.13047, 0.16499, 0.0079, 0.06303, 0.06993, 0.18, 0.01302, 0.13172, 0.14435, 0.01048, 0.23146, 0.15297, -0.04073, 0.02145, -0.12461, 0.04397, -0.01452, -0.11969, 0.14175, -0.07593, 0.06047, -0.00843, 0.01943, -0.13408, -0.01146, -0.13008, -0.05433, -0.03083, -0.0], "lady-killer-1-1771986359": [0.67172, -0.17575, 0.48634, -0.07954, -0.15176, -0.12472, -0.00512, 0.06648, -0.10717, -0.06219, 0.06355, 0.09356, -0.02, 0.06022, 0.04334, -0.02466, 0.36043, -0.02058, 0.14584, -0.07278, 0.05676, 0.00333, -0.12811, -0.11192, 0.0142, 0.00256, 0.05972, -0.00713, 0.02433, 0.04679, -0.00263, 0.02586, -0.00792, 0.01711, 0.02573, -0.0], "madman-adventures-mini-comic-1-1771975358": [0.50996, 0.10144, -0.01488, -0.1139, 0.23485, -0.2858, 0.39989, 0.12049, -0.19801, 0.03015, -0.18961, -0.27521, 0.22548, 0.1767, -0.07146, 0.06132, -0.12272, -0.11509, 0.10833, 0.01299, 0.21494, 0.12615, -0.14723, 0.15182, -0.02937, -0.00089, -0.03606, -0.04976, -0.05978, 0.0441, 0.05515, 0.0191, 0.02092, -0.0356, 0.01154, -0.0], "the-invisible-man-3-1771911481": [-0.57752, 0.18934, 0.03048, 0.42988, 0.42331, -0.05372, -0.17487, 0.15107, -0.12115, 0.04983, 0.04076, 0.12506, 0.06318, -0.01224, -0.00429, -0.07923, -0.00101, 0.07627, -0.13655, -0.04729, 0.1774, -0.00183, 0.16461, -0.0123, -0.13642, 0.0449, 0.18879, -0.10682, -0.0209, 0.10207, -0.00624, 0.01632, 0.0085, 0.0131, 0.00422, -0.0], "eerie-93-1771911152": [-0.00947, 0.41473, -0.17764, -0.24282, 0.02872, -0.26762, 0.01729, -0.11199, 0.26601, 0.28614, 0.03193, 0.17636, -0.24781, 0.18554, 0.03633, -0.29438, -0.25369, -0.13863, 0.25171, 0.07258, -0.07419, -0.20681, -0.12153, 0.03537, -0.13041, 0.00639, 0.15597, 0.089, 0.10478, 0.00126, 0.01854, 0.0707, 0.01277, 0.03524, 0.00338, -0.0], "zap-2-1771906187": [0.20129, -0.28078, -0.31759, -0.38973, -0.28114, 0.35005, -0.08393, -0.12048, -0.30819, -0.08047, -0.33859, -0.01865, 0.0256, -0.1091, 0.23599, -0.238, -0.01218, -0.02855, -0.14388, -0.00497, 0.1593, -0.05929, -0.02784, -0.01458, -0.00082, -0.0285, -0.02011, 0.02179, 0.06947, -0.00873, -0.05452, 0.03825, 0.01353, -0.02242, 0.01131, -0.0], "heavy-metal-6-1771820851": [-0.36021, -0.38735, -0.28691, 0.40308, 0.00339, 0.23393, 0.05693, -0.10006, -0.20278, -0.00577, 0.0627, -0.09703, 0.01233, 0.16987, 0.33919, 0.17883, 0.01607, -0.23168, -0.04229, 0.10813, -0.20235, -0.10847, -0.09461, -0.07688, -0.03647, 0.02582, 0.05564, -0.1224, -0.13628, -0.00125, 0.03657, -0.01094, 0.00171, 0.01956, -0.03759, -0.0],