{"model_version": "vgg16-gram-3layer-pca256-v1", "dim": 35, "embeddings": {"space-riders-2-1772905823": [0.69133, 0.49842, -0.36328, 0.02426, -0.16606, 0.1242, 0.00598, -0.04067, 0.15106, -0.0432, 0.04131, -0.07396, 0.04866, 0.20532, -0.01486, 0.0099, 0.02487, 0.08375, 0.04735, -0.08283, -0.00988, 0.00251, 0.00755, -0.03893, 0.00444, 0.01651, -0.02304, 0.00699, 0.01352, -0.0077, -0.00023, 0.01178, 0.00047, 0.00495, -0.0], "under-the-trees-where-nobody-sees-rite-of-spring-5-1772599998": [-0.72843, 0.201, 0.29464, -0.02303, -0.0672, 0.04179, -0.17706, 0.14471, -0.05139, -0.00634, -0.25449, 0.03961, -0.04719, 0.05362, -0.06003, 0.01053, -0.14145, 0.09053, 0.05323, -0.0619, -0.15182, 0.11472, -0.09032, 0.01829, 0.07854, 0.08442, 0.10233, -0.01328, 0.1943, -0.0782, 0.08796, -0.13095, 0.17331, -0.0544, -0.0], "dark-spaces-wildfire-1-1772597937": [-0.28269, 0.24584, 0.17354, -0.42907, -0.15303, 0.09341, 0.42736, 0.01962, -0.06214, 0.19357, 0.14789, -0.09132, 0.16368, -0.20633, -0.12848, -0.27708, -0.0979, -0.09747, 0.11389, 0.07772, -0.05513, 0.15556, 0.05794, -0.27616, -0.06914, -0.04053, -0.15397, 0.08611, 0.01197, -0.10364, 0.02489, 0.03415, 0.01743, -0.02457, -0.0], "the-many-deaths-of-laila-starr-4-1772597713": [-0.45536, 0.07683, 0.10986, -0.21448, 0.35568, -0.08946, 0.21832, -0.34516, -0.14024, -0.05093, -0.13347, -0.18908, 0.05726, -0.03354, 0.02401, 0.13832, 0.03687, 0.28742, -0.07373, 0.13909, 0.06516, -0.0973, -0.02023, -0.05905, 0.12295, 0.03287, -0.28965, -0.1215, -0.04078, 0.13732, -0.19232, -0.0787, 0.119, -0.09131, -0.0], "heavy-metal-12-1772412303": [-0.20553, -0.47059, 0.07031, 0.00131, 0.03159, -0.08609, 0.05132, -0.51693, 0.09074, -0.30491, 0.32717, -0.22019, -0.20732, -0.09626, 0.1496, 0.04076, -0.1569, 0.04559, -0.0249, -0.16957, -0.00857, 0.18628, 0.03959, 0.06821, -0.02287, -0.06654, 0.03465, 0.10166, 0.0303, -0.00156, -0.0495, -0.00637, 0.02731, 0.04875, -0.0], "absolute-martian-manhunter-8-1772397781": [-0.38054, 0.1418, -0.31086, 0.09852, 0.29379, 0.13928, -0.59652, 0.03309, -0.19938, -0.16346, -0.05007, -0.15542, 0.19444, -0.02002, -0.10845, 0.04282, 0.05453, -0.09926, -0.24056, 0.04893, -0.14918, 0.08068, 0.08736, -0.03136, -0.04537, 0.03475, -0.02431, 0.05705, -0.03049, -0.03128, -0.02724, -0.0122, -0.02779, 0.00275, -0.0], "frank-1-1772394369": [-0.63343, -0.26975, -0.06954, 0.18072, 0.27065, 0.01843, 0.01252, 0.03269, 0.21093, 0.03021, 0.12409, -0.19279, -0.08293, 0.07854, -0.14638, -0.0183, 0.2625, -0.03604, 0.2634, 0.24176, 0.03817, -0.04883, -0.10249, 0.12885, -0.08465, 0.10486, 0.01162, 0.17285, 0.04282, -0.00032, -0.03325, -0.02416, 0.01293, 0.00792, -0.0], "red-book-4-1772394229": [-0.33243, -0.01176, 0.21018, 0.54665, -0.05732, 0.58256, 0.29891, -0.15807, 0.04796, 0.20012, -0.06789, 0.00909, -0.05039, -0.02684, -0.10319, 0.02862, 0.03109, -0.01482, -0.1418, -0.04963, 0.02793, 0.00173, 0.01783, 0.02883, 0.02341, 0.01616, 0.01983, 0.00755, -0.02027, -0.00174, 0.00392, 0.01278, -0.00054, 0.00651, -0.0], "hyde-street-10-1772390798": [-0.60263, 0.19248, 0.10726, -0.32803, -0.33052, -0.03401, -0.07097, 0.16897, 0.11266, 0.20632, 0.01231, 0.11203, 0.1852, -0.05137, 0.08624, 0.03718, -0.03162, 0.09348, -0.07566, -0.0222, 0.02138, 0.01197, -0.0051, -0.1316, -0.1367, 0.0521, 0.27315, 0.10096, 0.01392, 0.22236, -0.1398, 0.09625, 0.03188, -0.05823, -0.0], "space-riders-galaxy-of-brutality-1-1772313901": [-0.09888, 0.52697, 0.01029, -0.02534, -0.66504, -0.07889, 0.05324, 0.09004, -0.22474, -0.07056, 0.23184, -0.13016, 0.10681, -0.20667, -0.06048, 0.01721, 0.01613, -0.01585, -0.04919, 0.0149, -0.02647, -0.1722, -0.03706, 0.16748, 0.04512, -0.03601, 0.00522, -0.00953, 0.03605, -0.019, -0.00331, -0.00466, -0.00222, 0.00302, -0.0], "creatures-of-the-id-1-1772261881": [0.2592, 0.76922, -0.33436, -0.0034, 0.25523, -0.01237, 0.06968, 0.03461, 0.01061, -0.02315, -0.03112, 0.11872, -0.252, -0.18711, 0.11054, -0.08984, 0.08927, -0.00588, -0.03499, 0.06259, 0.0247, 0.08068, 0.00099, 0.0263, 0.01553, -0.00517, 0.0397, -0.01889, -0.00515, 0.00023, -0.00376, -0.00747, -0.00258, -0.01318, -0.0], "eightball-13-1772234666": [-0.47744, 0.118, 0.14213, 0.20989, 0.42239, -0.05579, -0.06141, 0.27053, -0.02062, 0.00034, -0.03248, 0.16593, 0.21427, 0.1395, 0.0325, -0.05587, -0.07437, 0.0225, 0.1228, -0.06742, -0.03061, 0.02816, -0.16684, 0.06108, 0.35941, -0.26103, 0.04813, 0.18176, -0.14587, -0.08467, -0.08969, 0.07828, -0.0176, -0.04764, -0.0], "concrete-killer-smile-4-1772080387": [0.45904, -0.0063, 0.32847, -0.52819, 0.31165, 0.18283, -0.04136, 0.04981, -0.17177, 0.00236, -0.12704, -0.06417, -0.18275, 0.08507, -0.06686, -0.22857, 0.03648, -0.05098, 0.04816, -0.1985, -0.0881, -0.17892, 0.11259, 0.10431, -0.0716, -0.03446, -0.00319, 0.0175, -0.04052, 0.04775, -0.0101, 0.00709, 0.02854, -0.00078, -0.0], "stray-bullets-sunshine-roses-17-1771987399": [-0.14752, -0.58093, -0.35074, -0.20016, 0.26295, -0.0195, 0.29274, 0.12237, 0.19257, 0.02417, 0.06441, 0.06477, 0.18783, 0.00107, 0.14653, -0.12245, 0.00875, 0.22838, -0.20883, -0.02857, 0.0177, -0.15043, -0.06783, 0.00604, -0.12515, -0.03154, 0.06398, 0.00607, -0.01086, -0.14657, 0.01528, -0.13568, -0.05968, -0.02988, -0.0], "lady-killer-1-1771986359": [0.66616, -0.1781, 0.49129, -0.12722, -0.10575, -0.10783, -0.00895, 0.07151, -0.11309, -0.06943, 0.07663, 0.0909, -0.02777, 0.07063, 0.05321, 0.06968, 0.35784, -0.05423, -0.13342, -0.07579, 0.0606, 0.0556, -0.11174, -0.10971, 0.01461, -0.04349, -0.03313, 0.02178, 0.04925, -0.00644, 0.02363, -0.00273, 0.02211, 0.02728, -0.0], "madman-adventures-mini-comic-1-1771975358": [0.49853, 0.10308, -0.01013, -0.06347, 0.2913, -0.25434, 0.39442, 0.13048, -0.22145, -0.0015, -0.17701, -0.28065, 0.22845, 0.17972, -0.05421, -0.06253, -0.12041, -0.13656, -0.08515, 0.01263, 0.21765, 0.18121, -0.06576, 0.1531, -0.02969, 0.01903, 0.04378, -0.06854, 0.05343, 0.05113, 0.01677, 0.02322, -0.03403, 0.01618, -0.0], "the-invisible-man-3-1771911481": [-0.57611, 0.18604, 0.01516, 0.54072, 0.26475, -0.06334, -0.17663, 0.15099, -0.15396, 0.02953, 0.05985, 0.11733, 0.05266, -0.00907, -0.0097, 0.09028, -0.0057, 0.0862, 0.12535, -0.04588, 0.17452, -0.05415, 0.18193, -0.03011, -0.13391, -0.18139, -0.03681, -0.04171, 0.11111, -0.00998, 0.00769, 0.01383, 0.01822, 0.01098, -0.0], "eerie-93-1771911152": [-0.03023, 0.41913, -0.1679, -0.22513, 0.10729, -0.27955, 0.00203, -0.13758, 0.22448, 0.31442, -0.01721, 0.19251, -0.20767, 0.15422, 0.01184, 0.31178, -0.26551, -0.23873, -0.18489, 0.05778, -0.06488, -0.13658, -0.16634, 0.0418, -0.13038, -0.08727, -0.15022, 0.11765, 0.00153, 0.01675, 0.06755, 0.02286, 0.03736, 0.0021, -0.0], "zap-2-1771906187": [0.18193, -0.27877, -0.30467, -0.45209, -0.16796, 0.42621, -0.05862, -0.08474, -0.24229, -0.10486, -0.33709, -0.00958, 0.05145, -0.16791, 0.18978, 0.23118, -0.01727, -0.02374, 0.1597, -0.011, 0.1644, -0.03674, -0.0282, -0.01596, -0.00016, 0.03353, -0.00065, 0.07303, -0.01621, -0.0538, 0.03536, 0.01909, -0.01989, 0.01552, -0.0], "heavy-metal-6-1771820851": [-0.36414, -0.38467, -0.29885, 0.38679, -0.13178, 0.21337, 0.06735, -0.08169, -0.20161, -0.01751, 0.06976, -0.09969, 0.00228, 0.17144, 0.37222, -0.10812, 0.01976, -0.24425, 0.10215, 0.09004, -0.19246, -0.05477, -0.10038, -0.0769, -0.03584, -0.07725, 0.03658, -0.15538, 0.01243, 0.04284, -0.0156, 0.00228, 0.01888, -0.03266, -0.0], "heavy-metal-6-1771820424": [-0.73348, 0.07509, -0.06401, 0.26632, -0.1374, -0.26894, 0.09249, 0.24548, -0.21017, 0.08122, 0.1552, -0.01866, -0.06693, 0.06276, 0.08602, 0.06742, -0.0013, -0.04033, 0.06335, -0.14192, 0.05717, 0.03533, 0.09869, -0.04318, 0.02307, 0.13507, -0.0251, 0.05525, -0.18331, 0.06714, 0.09119, -0.11928, -0.00762, -0.02604, -0.0],