{"model_version": "vgg16-gram-3layer-pca256-v1", "dim": 43, "embeddings": {"heavy-metal-5-1773106373": [-0.67723, 0.36117, -0.1648, -0.16392, -0.19463, 0.09008, -0.04903, -0.14974, 0.02652, -0.11863, -0.00248, 0.14847, -0.04981, 0.18787, 0.21789, -0.08454, 0.08311, -0.00681, 0.00268, 0.09876, 0.07482, 0.02035, 0.03675, 0.02335, 0.05372, -0.04847, 0.05016, 0.18512, 0.17011, 0.00208, -0.15994, 0.14343, 0.07595, -0.07237, -0.00261, -0.00557, 0.02718, 0.04643, -0.02041, 0.00294, 0.006, 0.02656, 0.0], "heavy-metal-5-1773105715": [0.06208, 0.19813, -0.05601, 0.25637, 0.14357, -0.57304, -0.02194, 0.17087, -0.07611, 0.08422, 0.30912, -0.01443, -0.10585, 0.39997, 0.03264, 0.12653, 0.25543, -0.00192, 0.2097, 0.03278, -0.01281, 0.15051, -0.15196, 0.06075, -0.07018, 0.11186, 0.03834, 0.08482, -0.07922, -0.0199, 0.01948, -0.06035, 0.03172, 0.08273, -0.05909, -0.05279, -0.01433, -0.00822, 0.01367, 0.0137, 0.03141, 0.00282, 0.0], "faithless-ii-5-1773104441": [-0.25081, -0.24507, 0.02651, 0.25823, -0.26232, -0.48494, 0.12546, 0.12152, 0.20979, -0.10319, -0.07335, 0.02068, -0.07561, -0.10633, 0.2991, 0.15844, 0.24771, -0.07581, -0.11795, 0.16531, -0.11971, -0.17593, 0.25004, -0.05296, -0.07088, -0.03041, 0.12333, -0.01164, 0.04101, 0.07704, 0.02079, -0.11161, -0.09491, 0.02851, 0.06402, 0.05604, 0.01214, 0.02127, 0.05636, -0.02771, -0.02227, -0.01612, 0.0], "fatale-2-1773102971": [-0.53113, -0.13394, 0.06256, 0.61594, 0.0151, -0.04975, -0.12396, 0.13976, 0.118, -0.17738, 0.01459, 0.15046, -0.01993, 0.01434, 0.01251, -0.01081, -0.14924, -0.00941, 0.00709, 0.14295, -0.14147, -0.0819, 0.08754, -0.09314, 0.1247, 0.14629, -0.16397, -0.01155, -0.01977, -0.01441, 0.02027, 0.02395, 0.09846, 0.00143, 0.05553, -0.0476, -0.16207, -0.03381, -0.07742, 0.08978, 0.0344, 0.02827, 0.0], "heavy-liquid-1-1773021261": [-0.37501, -0.04171, 0.19119, -0.40375, -0.04625, 0.06239, -0.18636, -0.08212, -0.24549, 0.25556, -0.20877, 0.03447, -0.00828, -0.08273, 0.02723, 0.35342, -0.04789, 0.0983, -0.11862, -0.11449, -0.08856, 0.03039, 0.09438, -0.01823, -0.10229, -0.06281, -0.04471, 0.10584, -0.13731, 0.00939, -0.05297, -0.04615, 0.39452, 0.08831, 0.08157, 0.09594, 0.05945, -0.07364, 0.08266, 0.017, -0.01695, -0.05794, 0.0], "heavy-liquid-3-1773012418": [0.43393, -0.25476, 0.63067, -0.01124, -0.2758, 0.1915, -0.21798, 0.05971, -0.07894, 0.1518, -0.25325, -0.03904, -0.06309, -0.02365, -0.00979, 0.12455, 0.0827, 0.06652, 0.04828, 0.03014, -0.02301, -0.01599, -0.01901, 0.03887, 0.09556, 0.06306, 0.00439, 0.08164, -0.04231, -0.13003, -0.02089, 0.02076, -0.08941, -0.01078, 0.03374, -0.05331, 0.01078, 0.01254, -0.00971, -0.02275, -0.00933, 0.0213, 0.0], "under-the-trees-where-nobody-sees-rite-of-spring-6-1773012198": [-0.81785, 0.18055, -0.32249, 0.15618, -0.1074, -0.08028, -0.04214, -0.02066, 0.04062, -0.01838, 0.08504, 0.05311, -0.01318, -0.0096, -0.00989, 0.0776, -0.11283, -0.03618, -0.05961, 0.0387, 0.09994, -0.04391, -0.08433, 0.0113, -0.05092, 0.04469, 0.00858, -0.04631, -0.0269, -0.12217, 0.0511, 0.10293, -0.00104, 0.09217, 0.04056, -0.00669, -0.0174, 0.08323, -0.04575, -0.07845, -0.15175, -0.09444, 0.0], "the-nice-house-by-the-sea-8-1772918924": [-0.53363, -0.00731, 0.05081, 0.62026, -0.15949, -0.20548, -0.09391, -0.00774, 0.19373, -0.06145, 0.01441, 0.03727, 0.05838, 0.01098, -0.15, 0.02077, -0.08443, -0.10805, 0.05515, -0.01247, -0.01442, 0.02163, 0.02042, -0.03603, 0.1099, -0.01475, -0.10297, -0.02858, 0.13839, -0.17051, 0.0838, -0.01924, 0.02092, -0.04556, -0.09491, 0.08745, 0.2229, -0.04949, 0.05877, -0.0138, 0.05251, -0.02325, 0.0], "space-riders-2-1772905823": [0.71465, 0.43943, 0.40764, 0.05538, -0.00583, 0.08391, 0.1418, 0.00754, -0.08227, -0.12326, 0.07183, 0.04711, -0.06261, 0.06549, -0.17167, -0.00194, -0.02299, -0.01369, -0.0966, 0.10976, 0.03483, 0.02335, 0.06725, 0.01209, -0.04629, -0.03002, 0.01627, 0.00496, -0.01248, 0.01042, 0.01529, 0.00873, 0.0013, 0.00315, 0.00305, -0.00273, 0.00703, -0.00925, -0.00228, -0.00168, -0.00145, -0.00907, 0.0], "under-the-trees-where-nobody-sees-rite-of-spring-5-1772599998": [-0.70009, 0.22069, -0.20105, -0.09386, -0.12388, 0.21378, -0.06468, -0.04246, 0.13075, 0.05269, 0.15013, -0.27801, 0.05159, -0.07812, -0.03781, -0.06511, -0.03724, -0.10156, -0.19158, 0.04237, 0.10166, -0.05737, -0.09395, 0.00468, -0.04137, 0.06618, 0.07603, -0.03693, 0.01578, -0.07444, -0.03003, 0.01025, -0.0307, 0.07235, 0.09115, -0.15375, 0.02505, -0.00438, 0.20929, 0.1824, 0.01715, 0.04388, 0.0], "dark-spaces-wildfire-1-1772597937": [-0.21365, 0.27049, -0.11147, -0.39372, -0.25248, -0.19393, 0.40713, -0.01317, -0.02449, 0.16222, -0.11744, 0.19702, -0.10401, -0.00457, 0.12764, -0.37698, 0.04286, -0.06347, -0.00069, -0.00644, -0.1541, -0.06642, -0.0818, -0.13445, -0.09255, -0.09934, -0.16575, 0.1207, -0.18489, -0.01966, 0.14095, 0.04173, -0.03051, -0.06907, 0.01295, -0.0911, 0.06572, -0.05164, 0.01094, -0.00372, -0.02952, 0.00759, 0.0], "the-many-deaths-of-laila-starr-4-1772597713": [-0.36706, 0.08, -0.14194, -0.30605, 0.23712, -0.31386, -0.00638, 0.31076, -0.128, 0.10181, -0.24177, -0.16292, -0.21452, -0.1878, 0.00639, 0.21126, -0.03942, 0.09485, -0.11399, 0.13196, -0.02588, 0.0247, -0.03001, -0.02134, -0.06143, -0.05695, 0.00398, -0.10191, -0.09638, 0.0339, 0.01981, 0.1728, -0.04215, -0.0043, -0.24631, 0.1107, 0.07229, 0.13852, -0.10759, 0.19354, 0.00495, 0.07818, 0.0], "heavy-metal-12-1772412303": [-0.14092, -0.46487, -0.18764, 0.03742, 0.03274, -0.19349, -0.04054, 0.3482, -0.24684, -0.47635, -0.07356, 0.26735, -0.08664, -0.13143, 0.02339, -0.00344, -0.08237, 0.0246, -0.10308, -0.15803, 0.21078, 0.15877, -0.08939, -0.05067, 0.08755, 0.03479, 0.06648, 0.07572, -0.10092, 0.04728, -0.00658, -0.03897, -0.05597, -0.03326, 0.10164, 0.01276, 0.0513, 0.00693, 0.00274, 0.0145, 0.04229, -0.0184, 0.0], "absolute-martian-manhunter-8-1772397781": [-0.29969, 0.06522, 0.33673, -0.0581, 0.34906, 0.32333, -0.40597, 0.20146, 0.35266, -0.06168, -0.04079, -0.14715, -0.21209, 0.08823, -0.00178, -0.05666, 0.10717, -0.09153, 0.12125, -0.03335, 0.20574, -0.16512, -0.06388, -0.08946, -0.01079, -0.11577, -0.00496, -0.01399, -0.02835, 0.06633, 0.08322, -0.03732, 0.05777, -0.02344, 0.01238, 0.01511, -0.00599, 0.02014, -0.01716, -0.01648, 0.00475, -0.00168, 0.0], "frank-1-1772394369": [-0.55211, -0.29764, -0.04206, -0.05187, 0.38221, 0.17502, -0.00651, -0.09492, -0.15767, -0.05075, -0.01054, 0.11423, -0.12331, -0.18117, -0.23845, -0.06031, -0.0346, 0.07952, 0.20004, 0.05999, -0.28041, -0.02771, -0.12649, 0.08241, -0.11496, 0.01151, 0.18924, 0.08093, 0.16375, 0.02633, 0.1367, 0.01663, 0.00849, -0.01274, 0.09414, 0.03105, 0.0058, 0.03177, -0.00031, 0.0213, 0.01233, -0.00465, 0.0], "red-book-4-1772394229": [-0.28991, -0.00463, -0.22574, 0.33809, 0.17102, 0.43205, 0.57192, 0.27219, -0.17684, 0.22905, 0.01106, -0.00063, 0.0037, -0.09088, 0.02499, 0.03965, 0.11282, -0.02383, 0.08083, 0.006, 0.1018, 0.01354, 0.05191, -0.03568, 0.04416, 0.01847, 0.01097, -0.01891, 0.01996, -0.0205, -0.0103, -0.00926, 0.02069, -0.02077, 0.00264, 0.00233, -0.0048, -0.00873, -0.00759, -0.00144, -0.00028, -0.00718, 0.0], "hyde-street-10-1772390798": [-0.54183, 0.18095, 0.07697, -0.33665, -0.41057, 0.10516, -0.00135, -0.18822, -0.07462, 0.20376, 0.07525, 0.03496, 0.04825, 0.18016, 0.06785, -0.00077, -0.03983, -0.03135, -0.02716, -0.01282, 0.10923, 0.11025, -0.08731, -0.02364, -0.09777, -0.10183, -0.09153, -0.00732, 0.12012, -0.08665, 0.01553, -0.17956, -0.12896, 0.06294, 0.13692, 0.21595, -0.05791, -0.07281, -0.13613, 0.10744, -0.01507, 0.05056, 0.0], "space-riders-galaxy-of-brutality-1-1772313901": [-0.0702, 0.47319, 0.28784, 0.21105, -0.62164, -0.02079, 0.13412, -0.08541, 0.14076, 0.0338, -0.23692, 0.121, -0.11526, -0.06881, 0.05795, -0.09335, -0.00674, 0.00627, 0.09221, -0.1204, 0.03542, 0.03215, -0.07393, 0.16058, 0.00607, 0.09188, 0.03615, -0.15137, 0.02386, 0.12606, 0.00655, 0.00723, 0.04227, 0.03832, -0.01908, -0.00305, -0.00613, -0.00453, 0.00304, 0.00855, 0.0102, -0.00649, 0.0],