{"model_version": "vgg16-gram-3layer-pca256-v1", "dim": 44, "embeddings": {"heavy-metal-5-1773107506": [-0.51018, -0.0423, -0.31059, -0.5022, -0.11187, -0.15212, 0.09965, 0.08859, -0.05466, 0.0431, 0.11147, 0.02572, -0.11914, -0.06515, 0.03986, 0.0293, -0.09432, -0.02962, -0.10823, -0.00579, 0.01498, -0.15877, 0.03374, 0.09939, -0.04403, -0.01915, -0.10214, -0.03649, -0.10014, -0.14855, 0.04891, 0.07481, -0.14807, 0.07763, 0.26333, -0.06203, -0.26368, 0.04532, 0.08363, -0.03867, 0.04699, -0.03578, -0.01311, 0.0], "heavy-metal-5-1773106373": [-0.67457, 0.36362, -0.19202, -0.1079, -0.17917, 0.10974, -0.05908, -0.15652, 0.02744, -0.12201, -0.00806, -0.15029, -0.03522, 0.19179, 0.21961, 0.08151, 0.09111, -0.00727, 0.0059, 0.09977, 0.07399, 0.05218, 0.00284, 0.0123, 0.05898, -0.0463, 0.07635, 0.19154, 0.1379, -0.05318, 0.17528, 0.13489, -0.04764, -0.08985, -0.02966, 0.00485, 0.01831, 0.02392, 0.04223, -0.02444, 0.00636, 0.00367, 0.02649, 0.0], "heavy-metal-5-1773105715": [0.07272, 0.19947, 0.00369, 0.25592, 0.12317, -0.58185, -0.02904, 0.16797, -0.07114, 0.08797, 0.29413, 0.00415, -0.04812, 0.41828, 0.02953, -0.13253, 0.26399, -0.00241, 0.18489, 0.0308, -0.00765, -0.11383, 0.20315, 0.04541, -0.04486, 0.11435, 0.04139, 0.07688, -0.08417, -0.00014, -0.02905, -0.0643, -0.01958, 0.06191, -0.08402, -0.03356, -0.04212, -0.00956, -0.00375, 0.0134, 0.01611, 0.0301, 0.00353, 0.0], "faithless-ii-5-1773104441": [-0.24029, -0.24344, 0.08248, 0.23146, -0.28011, -0.4878, 0.11255, 0.10729, 0.21762, -0.10681, -0.07314, -0.01844, -0.08163, -0.09863, 0.2913, -0.16711, 0.25045, -0.08496, -0.11165, 0.16736, -0.12464, 0.17071, -0.2589, 0.01512, -0.0931, -0.02923, 0.12312, -0.01887, 0.0296, 0.06064, -0.01314, -0.09096, 0.03496, 0.07059, 0.12461, 0.02761, 0.0146, 0.01193, 0.03119, 0.05154, -0.0289, -0.02034, -0.01666, 0.0], "fatale-2-1773102971": [-0.51396, -0.12819, 0.21671, 0.59701, -0.0143, -0.06427, -0.11527, 0.14463, 0.11696, -0.17487, 0.02212, -0.14844, -0.02809, 0.01126, 0.01514, 0.01355, -0.14762, -0.00339, 0.02117, 0.14361, -0.14324, 0.07024, -0.11397, -0.08861, 0.08695, 0.13847, -0.18337, -0.00483, -0.01389, -0.01602, -0.01796, 0.02813, -0.0875, -0.01631, -0.03799, 0.06936, -0.04427, -0.15776, -0.0453, -0.07024, 0.09426, 0.02488, 0.02724, 0.0], "heavy-liquid-1-1773021261": [-0.36916, -0.04274, 0.10177, -0.42266, -0.02225, 0.08451, -0.19538, -0.08099, -0.2466, 0.25006, -0.22201, -0.03152, -0.01627, -0.08193, 0.02418, -0.35617, -0.05542, 0.09521, -0.11923, -0.11462, -0.09147, 0.08883, -0.00489, 0.03288, -0.11182, -0.06487, -0.05102, 0.09899, -0.14205, 0.01252, 0.05552, -0.03525, -0.3846, 0.03131, -0.1065, 0.0619, 0.12505, 0.04586, -0.08379, 0.09924, -0.00063, -0.0069, -0.05603, 0.0], "heavy-liquid-3-1773012418": [0.44118, -0.25178, 0.6084, -0.16025, -0.27531, 0.19632, -0.21094, 0.06678, -0.07945, 0.14569, -0.25123, 0.04522, -0.0723, -0.02077, -0.01108, -0.12511, 0.08177, 0.064, 0.03372, 0.02937, -0.02123, -0.03329, -0.00561, 0.01665, 0.09972, 0.06072, -0.00725, 0.07215, -0.0647, -0.12485, 0.0054, 0.00103, 0.10252, -0.00553, -0.00056, 0.0492, -0.02913, 0.01383, 0.01597, -0.01331, -0.02035, -0.00975, 0.02076, 0.0], "under-the-trees-where-nobody-sees-rite-of-spring-6-1773012198": [-0.81519, 0.18318, -0.27298, 0.23649, -0.11074, -0.07697, -0.04633, -0.02236, 0.04084, -0.01635, 0.08556, -0.05497, -0.01256, -0.00832, -0.00962, -0.0757, -0.1199, -0.03582, -0.05295, 0.03886, 0.10135, -0.08763, -0.01027, -0.00725, -0.03749, 0.04722, 0.00954, -0.04747, -0.02187, -0.0967, -0.06532, 0.0825, 0.03829, 0.06916, -0.0884, 0.05725, 0.07113, -0.03086, 0.06049, -0.04706, -0.09497, -0.14024, -0.09712, 0.0], "the-nice-house-by-the-sea-8-1772918924": [-0.51692, -0.00203, 0.20079, 0.59296, -0.19014, -0.21519, -0.09423, -0.00756, 0.19148, -0.05984, 0.01701, -0.03746, 0.05552, 0.00507, -0.14669, -0.01713, -0.08928, -0.10377, 0.06151, -0.0125, -0.01462, 0.03336, 0.01043, -0.04362, 0.09037, -0.0196, -0.10975, -0.01724, 0.12492, -0.18131, -0.09646, -0.01791, -0.02686, -0.04035, 0.02891, -0.11969, 0.05444, 0.22036, -0.0363, 0.05994, -0.01248, 0.05526, -0.02114, 0.0], "space-riders-2-1772905823": [0.71851, 0.43857, 0.40281, -0.0502, -0.01406, 0.07266, 0.14774, 0.01019, -0.08289, -0.12015, 0.07626, -0.04727, -0.05617, 0.07104, -0.1694, 0.00467, -0.03174, -0.01765, -0.09427, 0.10975, 0.03349, 0.06315, -0.00179, 0.0385, -0.04561, -0.02962, 0.01559, 0.00274, -0.01398, 0.00972, -0.01278, 0.01178, -0.00384, 0.00404, 0.00291, 0.00273, -0.00577, 0.0081, -0.00783, -0.00199, -0.0016, -0.00131, -0.00916, 0.0], "under-the-trees-where-nobody-sees-rite-of-spring-5-1772599998": [-0.69723, 0.2231, -0.20966, -0.02787, -0.11136, 0.22769, -0.06567, -0.04371, 0.13016, 0.05827, 0.15574, 0.27667, 0.05573, -0.07943, -0.03841, 0.06737, -0.0487, -0.10869, -0.18119, 0.04343, 0.10155, -0.08145, -0.02362, -0.02975, -0.02416, 0.072, 0.08923, -0.03766, 0.02102, -0.05218, 0.01282, -0.01589, 0.07298, 0.04693, -0.11007, 0.14871, -0.05589, 0.02984, 0.00728, 0.21959, 0.17414, 0.00711, 0.04348, 0.0], "dark-spaces-wildfire-1-1772597937": [-0.21201, 0.27017, -0.2102, -0.37291, -0.23582, -0.18455, 0.39433, -0.03227, -0.01569, 0.15613, -0.13356, -0.19713, -0.1036, 0.00485, 0.12618, 0.37598, 0.05779, -0.06132, 0.01272, -0.00594, -0.15585, -0.07285, -0.03776, -0.13196, -0.11788, -0.1015, -0.15687, 0.1276, -0.156, 0.04921, -0.15612, 0.02782, 0.07917, -0.08816, -0.06585, 0.05319, -0.01943, 0.06758, -0.05598, 0.01956, -0.01374, -0.02421, 0.00873, 0.0], "the-many-deaths-of-laila-starr-4-1772597713": [-0.36324, 0.0795, -0.20612, -0.25404, 0.25372, -0.31002, -0.01424, 0.30689, -0.11806, 0.09489, -0.24361, 0.17162, -0.22551, -0.16696, -0.00333, -0.21686, -0.03487, 0.09497, -0.10486, 0.13435, -0.02791, 0.00144, 0.03037, -0.02509, -0.05833, -0.05504, 0.00742, -0.10257, -0.06607, 0.0692, -0.01809, 0.15444, 0.09604, -0.0274, -0.09547, -0.24874, 0.15333, 0.04822, 0.09212, -0.10291, 0.19625, -0.01179, 0.07651, 0.0], "heavy-metal-12-1772412303": [-0.13382, -0.46591, -0.17021, 0.08576, 0.03125, -0.19471, -0.03997, 0.34867, -0.23733, -0.48207, -0.06743, -0.26386, -0.10459, -0.12664, 0.021, 0.00357, -0.08213, 0.02458, -0.09194, -0.15783, 0.20889, 0.02517, 0.17055, -0.09736, 0.08125, 0.03631, 0.06714, 0.06502, -0.10418, 0.06084, 0.00619, -0.03849, 0.04224, -0.01435, 0.06464, 0.08922, 0.03591, 0.0469, 0.0029, 0.00399, 0.01565, 0.04323, -0.01684, 0.0], "absolute-martian-manhunter-8-1772397781": [-0.28798, 0.06775, 0.33598, -0.09387, 0.35709, 0.32879, -0.39439, 0.2081, 0.35054, -0.05825, -0.02452, 0.15176, -0.20626, 0.1045, -0.00363, 0.05417, 0.11103, -0.09013, 0.1142, -0.03451, 0.20776, -0.10662, -0.13251, -0.099, -0.02954, -0.11632, -0.00516, -0.01405, -0.02019, 0.07138, -0.07515, -0.018, -0.07252, -0.02173, 0.02202, 0.00342, 0.00245, -0.00612, 0.02084, -0.02083, -0.01305, 0.00425, -0.00187, 0.0], "frank-1-1772394369": [-0.54426, -0.29734, -0.03113, 3e-05, 0.39258, 0.17633, -0.00383, -0.09123, -0.16042, -0.05089, -0.00758, -0.11231, -0.13351, -0.16625, -0.24553, 0.05854, -0.01682, 0.09039, 0.19823, 0.05934, -0.27766, -0.1528, 0.0279, 0.06359, -0.07649, 0.02075, 0.22316, 0.08101, 0.14215, 0.00324, -0.12401, 0.04224, -0.03766, 0.00458, 0.07065, 0.07279, 0.02956, 0.00204, 0.0289, -0.00216, 0.02349, 0.01002, -0.0049, 0.0], "red-book-4-1772394229": [-0.28021, -0.00204, -0.12964, 0.39845, 0.1587, 0.40289, 0.59399, 0.27241, -0.17159, 0.22765, 0.00153, -0.00098, 0.00452, -0.08634, 0.01999, -0.04407, 0.1214, -0.02251, 0.07932, 0.00587, 0.10107, 0.06019, -0.00889, -0.02758, 0.02865, 0.01655, 0.00212, -0.0213, 0.0116, -0.03049, 0.01018, -0.00761, -0.02313, -0.02033, 0.00919, 7e-05, -0.00631, -0.00357, -0.00761, -0.00751, -0.00076, -0.00055, -0.00738, 0.0],