{"model_version": "vgg16-gram-4layer-normed-pca30-v1", "dim": 30, "embeddings": {"criminal-the-special-edition-0-1774321106": [0.02763, -0.07593, -0.30593, 0.44566, -0.18937, 0.1202, 0.20747, -0.50531, 0.25354, 0.01139, 0.01609, 0.12683, -0.09405, 0.31469, 0.13768, -0.00566, -0.19015, 0.19224, -0.05276, 0.04208, -0.0493, -0.11186, -0.01647, 0.06775, -0.11791, 0.02532, 0.03169, -0.07973, 0.02217, -0.15838], "omaha-vol-2-4-1774217330": [-0.44065, 0.47907, -0.15831, -0.22049, 0.00359, 0.07149, 0.1439, 0.28063, -0.23502, 0.02667, 0.24406, 0.21585, -0.20946, 0.03482, 0.07644, -0.17288, 0.08538, 0.16966, 0.13696, -0.11941, -0.16634, 0.07678, -0.1945, 0.00922, -0.01162, 0.0257, 0.07163, -0.05907, -0.05195, -0.04951], "the-maxx-5-1774216970": [0.67475, 0.34981, 0.25848, -0.21562, -0.00652, 0.05588, -0.00956, 0.10979, 0.01486, 0.14275, -0.22781, -0.0429, -0.12746, -0.00679, 0.12718, -0.02677, -0.11277, 0.01177, 0.15222, -0.06341, 0.17833, -0.09793, 0.1126, -0.12135, 0.14421, 0.0777, 0.03676, 0.16443, -0.13584, 0.0608], "the-maxx-1-1774215636": [0.16359, -0.11691, -0.26719, -0.2166, 0.34815, -0.27869, -0.40512, -0.0575, -0.10397, 0.09986, -0.03099, -0.08531, 0.04736, -0.21839, 0.12365, 0.10461, -0.30676, 0.28764, 0.29554, 0.21723, 0.09518, 0.05471, -0.06962, 0.11804, -0.01993, 0.00532, -0.14224, 0.0518, -0.00554, -0.0647], "omaha-vol-2-4-1774215021": [-0.24145, -0.6493, 0.04277, -0.08382, -0.21069, -0.12525, -0.30227, 0.40961, -0.07909, -0.06092, 0.00644, 0.02832, 0.01138, 0.11992, -0.2008, -0.14568, -0.11034, 0.07108, -0.06221, -0.03635, 0.19367, 0.073, -0.09908, -0.00346, 0.13385, 0.00722, -0.06979, 0.00361, 0.08482, 0.00481], "100-3-1774130564": [-0.35815, -0.20577, -0.02389, -0.42899, 0.20785, -0.31906, 0.09046, 0.17455, 0.26373, 0.30415, -0.1993, 0.31701, 0.05158, 0.01868, -0.06914, 0.15333, -0.07886, -0.05082, -0.12179, -0.06352, -0.10594, -0.08499, 0.02791, 0.09039, -0.01014, 0.02218, 0.23393, 0.10271, -0.08044, -0.0126], "geiger-22-1774128278": [-0.04789, 0.3995, 0.40722, -0.02714, 0.35725, 0.22795, -0.16192, -0.05992, -0.22511, -0.15049, 0.09041, 0.17579, 0.03692, 0.28449, -0.25098, 0.35782, -0.12181, -0.00522, 0.02885, -0.16639, -0.01089, -0.03996, 0.12568, 0.01162, -0.01829, -0.05965, -0.06646, -0.03668, -0.07478, -0.01175], "infernal-hulk-5-1774124257": [0.83026, 0.0482, 0.05006, -0.04258, 0.04596, 0.01351, 0.0356, 0.02276, -0.12102, 0.02402, -0.0325, -0.07862, -0.01603, -0.0511, -0.11573, -0.06864, 0.20172, 0.22173, -0.07588, -0.00565, -0.17729, 0.03391, 0.10596, -0.0424, 0.14464, -0.02515, -0.12858, 0.05964, -0.05912, -0.26481], "battle-beast-8-1774121456": [0.09203, -0.26292, 0.53794, -0.34568, 0.24919, 0.3045, -0.37776, -0.033, 0.14186, -0.10118, 0.22712, -0.06614, -0.00597, 0.09656, -0.03808, -0.11038, 0.08586, -0.18768, -0.01821, 0.09426, -0.04643, -0.0589, -0.06407, 0.05336, 0.08073, 0.11749, 0.06868, 0.09401, -0.06663, -0.05392], "100-2-1773890854": [-0.24989, 0.13244, -0.40714, -0.59215, 0.09829, -0.10928, 0.26716, -0.0056, 0.19762, -0.02512, -0.16752, -0.04674, -0.11854, -0.15265, -0.15032, 0.11471, -0.07429, -0.10905, -0.09906, 0.01675, -0.06633, 0.27329, 0.09018, 0.13236, 0.12243, -0.0546, 0.1182, 0.03197, 0.01076, 0.0473], "criminal-the-special-edition-0-1773888551": [-0.32992, -0.27968, -0.14618, 0.04933, 0.06529, -0.59102, 0.1692, -0.0901, 0.35923, 0.10444, -0.10173, 0.17114, 0.06254, 0.28916, -0.13115, -0.0352, -0.04318, 0.05166, 0.14003, -0.14929, 0.10691, 0.0093, 0.10065, -0.02665, 0.10034, 0.10985, 0.05607, -0.11074, 0.08043, 0.02135], "fatale-4-1773887276": [-0.05054, 0.57756, -0.52958, -0.24488, -0.30608, 0.09281, -0.04529, -0.05487, 0.27051, -0.21181, -0.06339, -0.03024, -0.09649, 0.12865, -0.01805, 0.01871, -0.14042, -0.05142, 0.10655, -0.05949, -0.05523, -0.0226, 0.05728, -0.04306, 0.11768, -0.05658, 0.01507, -0.00651, 0.00606, 0.05724], "love-rockets-1-1773544479": [-0.36548, -0.23377, 0.26472, 0.04269, -0.35882, -0.50638, -0.17573, -0.24715, -0.11785, -0.09209, -0.05841, 0.11663, -0.19822, -0.13668, -0.05444, -0.01848, -0.16941, -0.24324, 0.00334, -0.09549, -0.04109, 0.05568, -0.06238, -0.0833, -0.11808, 0.13859, 0.03259, 0.01393, -0.07592, -0.09636], "bleeding-hearts-2-1773522336": [-0.08418, -0.09168, -0.308, 0.02288, 0.07451, 0.19508, -0.11387, -0.52508, 0.49423, 0.1431, 0.18672, -0.21989, 0.12359, 0.02536, -0.15991, -0.14966, -0.01609, 0.07719, 0.10525, -0.21442, -0.08089, 0.02421, -0.13949, 0.08278, 0.04534, -0.06957, 0.14281, 0.07793, 0.02383, 0.11977], "love-rockets-1-1773521483": [-0.46373, 0.661, -0.06271, 0.0185, -0.14755, -0.26365, -0.21221, 0.13463, 0.09417, -0.105, -0.05926, 0.05996, -0.05332, -0.16005, -0.08998, -0.13335, -0.01819, -0.05528, -0.10077, 0.04714, -0.04718, -0.19645, 0.1178, -0.07111, -0.06132, 0.00293, -0.07428, 0.04301, 0.13987, 0.04206], "heavy-metal-5-1773108178": [0.08147, 0.04451, -0.41537, -0.30259, 0.32239, -0.30729, 0.08325, -0.25808, -0.3818, -0.08521, 0.00547, -0.27229, -0.01788, 0.24434, 0.05062, -0.28899, -0.02073, 0.02657, -0.17642, -0.06904, 0.09527, -0.1468, 0.0283, -0.01959, -0.06496, 0.00563, 0.05246, 0.04809, -0.05833, 0.02319], "heavy-metal-5-1773107506": [0.06063, -0.39531, -0.58057, 0.03435, -0.24684, 0.05417, -0.20897, 0.18551, -0.13329, 0.06812, -0.10081, -0.23104, 0.13368, 0.17996, 0.06351, 0.03302, 0.19911, -0.1589, 0.15939, -0.10104, 0.05122, -0.17109, 0.08875, 0.08757, -0.20187, -0.1192, -0.01988, 0.09855, 0.02274, 0.07071], "heavy-metal-5-1773106373": [0.16624, -0.00185, -0.27643, -0.08559, 0.34026, -0.15959, -0.35786, -0.00415, 0.32819, -0.1556, 0.46599, 0.23509, 0.1945, -0.06359, 0.21195, -0.06448, 0.08292, -0.11395, -0.15225, -0.10816, 0.00668, 0.025, 0.06305, 0.15216, 0.12496, 0.0593, -0.09208, 0.05372, 0.04819, -0.09299], "heavy-metal-5-1773105715": [0.18605, 0.29101, 0.09047, 0.36406, -0.1373, 0.04561, -0.1932, 0.09506, -0.30857, -0.22191, -0.06192, 0.14996, 0.45887, -0.07667, 0.2643, -0.13471, -0.31528, -0.12078, 0.0534, 0.05684, -0.18379, 0.03669, 0.07867, 0.05136, 0.06027, -0.05193, 0.10643, -0.08087, 0.09523, -0.01277], "faithless-ii-5-1773104441": [-0.25179, 0.35367, -0.43471, 0.07658, -0.29427, 0.05116, -0.2374, 0.03691, 0.11531, -0.1585, 0.03085, -0.10918, -0.03949, 0.21918, -0.13858, -0.19488, -0.02968, -0.14902, 0.20777, 0.18206, 0.01977, 0.23461, 0.12472, -0.05107, 0.02806, 0.03264, -0.21994, -0.04074, -0.28992, 0.05234], "fatale-2-1773102971": [-0.55109, 0.54993, 0.02023, 0.30249, -0.07811, -0.0084, 0.21366, -0.18236, 0.09056, 0.00743, 0.06641, 0.05337, 0.14089, 0.11691, -0.0005, -0.01737, 0.15586, 0.13273, 0.22515, 0.02972, 0.09976, 0.09067, -0.02186, 0.04866, -0.05367, -0.00345, -0.10687, 0.15455, 0.06824, 0.10095], "heavy-liquid-1-1773021261": [0.22471, -0.29583, 0.36322, -0.56565, -0.15007, 0.36045, 0.05742, -0.02507, -0.02722, -0.0664, -0.07573, 0.00037, -0.10912, 0.2013, 0.02782, -0.04883, 0.08517, -0.05907, -0.00224, 0.2904, -0.01581, 0.16636, 0.01823, -0.14408, -0.04046, 0.05737, -0.09974, 0.0601, 0.15584, 0.01955], "heavy-liquid-3-1773012418": [-0.1643, -0.28169, 0.04907, -0.52023, -0.12178, 0.02218, 0.55144, -0.25867, -0.05938, -0.24292, 0.01394, 0.06086, 0.01992, 0.04935, 0.05256, 0.09532, -0.03128, -0.11832, -0.05575, 0.16038, 0.01325, 0.27415, -0.05184, -0.10198, -0.02592, -0.0088, -0.04018, 0.08438, 0.08741, 0.06185], "under-the-trees-where-nobody-sees-rite-of-spring-6-1773012198": [-0.04454, 0.54576, -0.21008, 0.30301, 0.08019, 0.20247, -0.47844, 0.02877, -0.16146, 0.01319, 0.00721, -0.03531, 0.13533, -0.01675, -0.05481, 0.08224, 0.11625, -0.00233, -0.06342, 0.19216, 0.13786, 0.07735, -0.13066, -0.19598, -0.01166, 0.0223, 0.30787, -0.00734, 0.02732, 0.00048], "the-nice-house-by-the-sea-8-1772918924": [-0.33479, 0.76453, 0.02992, 0.06748, -0.06706, -0.03235, 0.02463, -0.17614, 0.07025, -0.03672, -0.2944, 0.07361, -0.0084, -0.15948, 0.00213, -0.01313, -0.0117, -0.02033, -0.08663, -0.07608, 0.22344, -0.02819, 0.01988, -0.03554, 0.0371, -0.11863, -0.00173, -0.0785, 0.05554, -0.21401],