{"model_version": "vgg16-gram-4layer-normed-pca30-v1", "dim": 30, "embeddings": {"100-3-1774130564": [-0.34891, -0.2542, -0.06814, -0.368, 0.17478, -0.36725, 0.09469, 0.33515, 0.21403, -0.20209, 0.31021, -0.21878, -0.08225, 0.04172, -0.07951, 0.02557, -0.16472, 0.05597, -0.01343, -0.05249, -0.00266, 0.10535, -0.11294, -0.0124, -0.08948, 0.20954, 0.12121, 0.07989, -0.09937, -0.02366], "geiger-22-1774128278": [-0.09629, 0.38568, 0.40482, -0.05457, 0.40817, 0.22313, 0.08961, -0.14012, -0.18115, -0.08994, -0.13086, -0.23381, -0.11055, 0.37221, -0.2679, 0.10254, -0.19324, 0.01934, 0.13148, 0.00612, 0.05829, 0.0183, 0.01569, -0.01723, 0.00592, -0.08036, 0.11174, 0.05937, 0.02629, -0.05307], "infernal-hulk-5-1774124257": [0.81571, 0.06192, 0.12826, -0.05077, 0.064, -0.0062, -0.01965, -0.04823, -0.02987, -0.11695, 0.017, 0.12784, 0.01044, -0.11503, -0.12581, 0.07892, 0.1612, 0.1588, 0.01923, 0.06166, 0.22014, 0.03847, 0.20875, -0.04545, -0.19799, 0.01994, 0.11108, -0.0913, -0.04972, 0.15683], "battle-beast-8-1774121456": [0.04405, -0.27632, 0.53563, -0.3048, 0.28864, 0.38979, 0.31861, 0.11517, 0.03918, 0.15201, -0.16158, 0.04603, 0.04699, 0.02639, -0.00622, -0.1451, 0.08694, -0.12852, -0.12222, -0.06834, -0.07416, 0.11564, 0.03907, 0.10683, -0.14074, 0.09837, 0.03314, 0.06424, -0.04158, -0.05543], "100-2-1773890854": [-0.21816, 0.04238, -0.45089, -0.59948, 0.16398, -0.24674, -0.16496, 0.0771, 0.01837, 0.0692, 0.15846, 0.10306, -0.20053, -0.0712, -0.08153, 0.01885, -0.14049, -0.0373, -0.13076, 0.27213, -0.00864, 0.17597, -0.08147, -0.08379, -0.05527, 0.01804, -0.02843, 0.06802, 0.00813, -0.08941], "criminal-the-special-edition-0-1773888551": [-0.30162, -0.2428, -0.17213, 0.05418, -0.04455, -0.59517, 0.16107, 0.08402, 0.2087, 0.12393, 0.25743, -0.05503, 0.15854, 0.27645, -0.12598, -0.07109, -0.03682, 0.03045, 0.20737, 0.03241, 0.01217, -0.05169, -0.07747, 0.08266, -0.22658, 0.01196, -0.06279, -0.10592, -0.1968, -0.10115], "fatale-4-1773887276": [-0.01708, 0.54921, -0.55558, -0.35381, -0.18905, 0.12575, -0.04504, 0.07866, -0.06034, 0.2727, 0.09167, 0.08533, -0.02203, 0.18745, 0.01339, -0.09063, -0.12739, -0.02482, 0.05681, -0.02661, 0.12418, -0.01588, -0.0131, -0.09219, -0.04264, -0.03315, -0.07563, 0.00677, 0.01097, 0.11326], "love-rockets-1-1773544479": [-0.3842, -0.18338, 0.22229, 0.02425, -0.51029, -0.30918, 0.37324, -0.18254, -0.12638, 0.03292, 0.08714, -0.02385, -0.2225, -0.06622, -0.01107, -0.16235, -0.23309, -0.12315, -0.04917, 0.04592, -0.10029, -0.06017, 0.04081, 0.14104, 0.01978, 0.01676, 0.08487, -0.06584, -0.0754, 0.08603], "bleeding-hearts-2-1773522336": [-0.0727, -0.08498, -0.31837, -0.03776, 0.09275, 0.21109, 0.17554, -0.25399, 0.52229, 0.43961, 0.06396, 0.23229, 0.30545, -0.01183, -0.17291, -0.00996, -0.1541, 0.01222, 0.04843, -0.05202, -0.03886, 0.09746, -0.07163, -0.10888, 0.09837, 0.08766, -0.11088, 0.03578, 0.0281, 0.00559], "love-rockets-1-1773521483": [-0.46201, 0.67441, -0.12089, -0.05329, -0.15938, -0.12523, 0.16925, 0.20199, -0.09793, 0.0369, 0.04766, -0.0466, -0.13805, -0.184, -0.04339, -0.17472, 0.0697, 0.05062, 0.024, -0.1179, 0.08275, -0.05387, 0.06217, 0.06762, 0.04288, 0.02577, -0.00977, -0.0291, 0.08353, -0.22915], "heavy-metal-5-1773108178": [0.11325, 0.00719, -0.39371, -0.28102, 0.28536, -0.36285, 0.18175, -0.38351, -0.19299, -0.19333, -0.24909, 0.22952, 0.14574, 0.00857, 0.12229, -0.20196, 0.04907, 0.193, 0.12959, -0.11623, -0.08823, -0.03515, -0.01732, 0.03228, 0.00338, 0.05683, 0.05835, 0.07992, 0.00048, 0.01341], "heavy-metal-5-1773107506": [0.13248, -0.35332, -0.59475, 0.07821, -0.25375, 0.16294, 0.13164, 0.1724, -0.10967, -0.26124, -0.1308, 0.14312, 0.22314, 0.09749, -0.02353, 0.03212, 0.08045, -0.21496, 0.20053, -0.10798, -0.00168, 0.02715, 0.01492, -0.04413, 0.15872, 0.07057, 0.15034, 0.01527, 0.02714, -0.14082], "heavy-metal-5-1773106373": [0.19556, 0.0265, -0.23982, -0.05927, 0.30038, -0.04867, 0.50658, 0.20095, 0.1587, 0.37298, -0.20688, -0.3665, 0.10375, -0.12611, 0.2086, 0.04644, -0.00658, 0.01849, 0.07384, 0.04808, -0.00663, 0.22226, 0.11349, 0.01219, -0.08823, 0.01549, -0.02531, -0.06851, 0.09831, 0.05497], "heavy-metal-5-1773105715": [0.1778, 0.36345, 0.1063, 0.32105, -0.15951, 0.16125, 0.02758, -0.02608, -0.35925, -0.12783, -0.06542, -0.36305, 0.33108, -0.17683, 0.18816, -0.21354, -0.25464, -0.04696, -0.118, 0.04217, 0.16782, 0.0623, -0.14629, -0.08201, -3e-05, -0.00126, -0.02499, -0.13603, -0.0389, 0.04574], "faithless-ii-5-1773104441": [-0.20655, 0.38788, -0.46819, 0.00639, -0.24441, 0.17733, 0.10451, 0.09402, -0.06727, 0.15152, -0.06193, 0.11025, 0.06982, 0.21342, -0.0603, -0.32375, 0.13737, -0.13222, -0.01462, 0.26615, 0.03478, -0.03392, 0.19835, -0.02029, -0.03241, -0.23181, 0.01002, 0.06448, -0.10373, 0.23459], "fatale-2-1773102971": [-0.55051, 0.5346, -0.0373, 0.19464, -0.06714, -0.07709, -0.22017, -0.18553, 0.13582, 0.15937, 0.03338, -0.089, 0.17835, 0.17264, -0.01264, 0.07371, 0.21169, -0.06076, 0.10933, 0.05276, 0.03984, -0.00659, 0.04083, 0.03543, 0.13088, 0.1086, -0.15092, 0.09618, 0.12118, 0.12249], "heavy-liquid-1-1773021261": [0.19492, -0.34946, 0.34628, -0.54412, -0.03131, 0.29817, -0.14111, 0.00701, -0.09911, -0.03753, 0.05194, 0.08507, -0.02967, 0.20376, 0.10276, -0.11366, 0.20223, -0.02147, -0.1677, 0.1516, 0.02982, -0.12655, 0.07158, 0.08709, -0.02224, 0.11169, -0.07085, 0.10183, 0.22632, -0.15926], "heavy-liquid-3-1773012418": [-0.14847, -0.38602, 0.01715, -0.55171, -0.05383, -0.2041, -0.39794, -0.28883, -0.15087, 0.18309, -0.00404, -0.0978, -0.02973, 0.14478, 0.12439, 0.01273, -0.00982, -0.04293, -0.20856, 0.2094, -0.06193, -0.06984, 0.12184, -0.01931, 0.03713, 0.06203, -0.06268, -0.05554, -0.06389, -0.07104], "under-the-trees-where-nobody-sees-rite-of-spring-6-1773012198": [-0.04185, 0.60061, -0.21561, 0.25566, 0.09311, 0.37341, 0.26378, -0.01086, -0.06646, -0.1601, -0.10219, -0.06075, 0.04781, -0.04423, -0.06659, 0.10294, 0.12846, -0.00134, -0.22422, 0.06111, -0.17784, -0.21426, -0.19509, -0.03899, -0.07694, 0.14624, -0.06018, -0.02278, -0.15511, 0.03588], "the-nice-house-by-the-sea-8-1772918924": [-0.36154, 0.74267, -0.02515, -0.05487, -0.03093, -0.02701, -0.08386, -0.1401, -0.04116, 0.02761, 0.29773, 0.00445, -0.06351, -0.12726, 0.08685, 0.05876, -0.01778, 0.00113, 0.11706, -0.03957, -0.09541, -0.09325, -0.06628, -0.05251, -0.13487, -0.02523, 0.11804, 0.01954, 0.28912, 0.07822], "space-riders-2-1772905823": [0.60497, 0.03961, 0.19173, -0.06808, -0.13479, -0.34916, -0.34577, -0.15443, 0.06459, 0.01226, -0.11932, -0.31302, -0.02765, -0.14513, -0.0332, -0.10288, 0.04573, -0.11153, 0.06967, 0.05633, -0.02654, -0.01942, 0.03689, -0.09538, 0.20974, 0.10745, 0.20609, 0.05681, -0.14877, -0.00681], "under-the-trees-where-nobody-sees-rite-of-spring-5-1772599998": [-0.11625, -0.06305, -0.18655, 0.23599, 0.17852, -0.22792, 0.42715, -0.10568, 0.26268, -0.37786, 0.24352, 0.10265, 0.16397, 0.03658, -0.26592, 0.1829, 0.00313, 0.11359, -0.31735, -0.01093, -0.01153, 0.02994, 0.09396, 0.0533, 0.13656, -0.08855, 0.01329, -0.17561, 0.11636, -0.05553], "dark-spaces-wildfire-1-1772597937": [0.55634, 0.05923, -0.42047, -0.12273, -0.24171, 0.0678, 0.05494, 0.34666, 0.08664, -0.02287, -0.22887, 0.13904, -0.08628, 0.16589, 0.08312, 0.19652, -0.17068, -0.07572, 0.14328, -0.10631, 0.07273, -0.13178, -0.11051, 0.18021, 0.02583, -0.00466, -0.10232, -0.03741, -0.03068, 0.03364], "the-many-deaths-of-laila-starr-4-1772597713": [0.36102, -0.11756, -0.04889, 0.20978, -0.60178, 0.43726, 0.07686, -0.06517, 0.00961, -0.0318, 0.12377, 0.15635, -0.0677, 0.23584, 0.15765, -0.12766, -0.11321, 0.13339, -0.15007, 0.0892, -0.058, 0.05018, -0.09057, -0.01198, -0.03521, 0.02997, 0.14118, -0.02231, 0.02673, -0.0716], "heavy-metal-12-1772412303": [-0.22469, -0.04876, -0.32113, 0.31632, -0.1074, 0.46743, -0.24234, -0.05941, 0.13464, 0.28558, -0.0407, -0.06272, -0.02819, 0.05359, -0.0686, -0.05467, 0.32181, 0.13958, 0.02044, -0.26663, 0.01114, 0.04056, -0.03851, 0.10417, 0.02898, -0.14606, 0.17688, -0.11233, -0.17838, -0.16876],