{"model_version": "vgg16-gram-3layer-pca256-v1", "dim": 38, "embeddings": {"heavy-liquid-3-1773012418": [0.30921, -0.13295, -0.5361, 0.06544, -0.31757, -0.50189, -0.05337, -0.09993, 0.09792, 0.042, 0.33222, 0.04749, -0.04399, -0.20469, -0.05192, 0.11475, 0.07287, -0.04666, 0.03741, 0.05199, -0.00171, -0.04822, 6e-05, 0.06187, -0.06444, -0.04562, -0.02155, -0.07079, -0.01269, -0.02293, -0.08437, 0.08289, -0.0184, 0.03341, -0.01355, -0.00099, 0.0032, 0.0], "under-the-trees-where-nobody-sees-rite-of-spring-6-1773012198": [-0.81346, 0.16409, 0.37217, 0.08526, -0.07371, 0.05244, -0.10853, 0.01439, -0.05352, -0.0055, -0.12984, 0.02584, -0.02582, 0.04773, -0.00017, 0.13105, -0.02717, -0.05047, -0.07843, -0.06858, -0.08135, -0.00804, -0.0214, -0.00438, 0.03556, -0.07289, 0.01853, -0.07616, 0.06615, 0.09027, -0.09737, 0.07096, 0.08108, 0.00826, -0.12183, -0.13232, -0.06939, 0.0], "the-nice-house-by-the-sea-8-1772918924": [-0.54524, 0.05203, 0.06655, 0.53821, -0.15718, 0.16059, -0.26597, 0.01908, -0.27907, -0.09602, -0.08445, 0.06845, 0.00887, 0.02536, -0.09863, 0.06315, -0.1084, 0.07253, 0.02254, 0.0446, 0.02818, 0.04279, 0.11167, -0.0029, 0.06105, 0.11131, 0.00856, -0.30169, 0.10366, -0.06205, -0.00095, -0.0055, -0.07141, -0.01368, 0.07086, 0.06407, -0.00947, 0.0], "space-riders-2-1772905823": [0.70525, 0.48034, -0.36931, 0.09495, -0.04944, 0.06907, 0.14737, -0.03365, 0.08731, -0.07177, -0.08534, 0.0477, -0.07304, 0.09412, -0.19249, -0.01834, -0.00638, -0.00547, -0.12521, -0.0506, 0.04026, -0.01578, 0.00565, -0.0198, -0.02257, -0.02434, 0.00322, 0.00669, 0.01821, 0.00891, 0.01237, 0.00188, -0.01058, -0.00442, -0.00279, -0.00125, -0.00682, 0.0], "under-the-trees-where-nobody-sees-rite-of-spring-5-1772599998": [-0.72679, 0.2063, 0.23157, -0.07717, -0.11761, -0.12733, 0.05539, 0.209, -0.0332, 0.00832, -0.05111, -0.27669, 0.04849, 0.0151, -0.04446, -0.0668, -0.09474, -0.14288, -0.12907, -0.07085, -0.09331, -0.02601, -0.09495, 0.08495, 0.04356, -0.04513, 0.09244, -0.00148, -0.07017, 0.09628, 0.03205, 0.13205, -0.00654, 0.15339, 0.23244, -0.02804, 0.05723, 0.0], "dark-spaces-wildfire-1-1772597937": [-0.25152, 0.24596, 0.13182, -0.42397, -0.2011, 0.40831, 0.17899, -0.11453, 0.01559, 0.20931, 0.12109, 0.15369, -0.10871, 0.08794, 0.23764, -0.31414, -0.01474, 0.0108, -0.02335, 0.08479, -0.12744, 0.13458, 0.04935, -0.06108, -0.2598, -0.04372, -0.1064, -0.04061, 0.13095, -0.05432, 0.03106, 0.11331, -0.05484, 0.03481, 0.00031, -0.0191, 0.01761, 0.0], "the-many-deaths-of-laila-starr-4-1772597713": [-0.41626, 0.06753, 0.0839, -0.35297, 0.22807, -0.01013, -0.1327, -0.41819, -0.11643, -0.00572, 0.20547, -0.11785, -0.22722, -0.14056, -0.00742, 0.21061, 0.06546, -0.16292, -0.08714, 0.00016, 0.00242, 0.06188, -0.00207, -0.14536, -0.01709, -0.19855, -0.13365, -0.04204, 0.07351, 0.04408, 0.025, -0.20409, 0.08612, -0.2027, 0.18007, -0.06699, 0.05159, 0.0], "heavy-metal-12-1772412303": [-0.17927, -0.46895, 0.11698, -0.00538, 0.01551, -0.0172, -0.10619, -0.4883, -0.0489, -0.36371, -0.32949, 0.28396, -0.14916, -2e-05, 0.14907, 0.04457, -0.00052, -0.1366, -0.00715, -0.09345, 0.1035, 0.03689, -0.01094, 0.19702, -0.03531, 0.04217, -0.04206, 0.12091, -0.00798, -0.04046, -0.0597, 0.07502, -0.01874, -0.01642, 0.04658, 0.03694, -0.0271, 0.0], "absolute-martian-manhunter-8-1772397781": [-0.3393, 0.10233, -0.37241, 0.01279, 0.2815, -0.51817, -0.02387, 0.25414, -0.30698, -0.14218, 0.05677, -0.0701, -0.18433, 0.11222, 0.03141, -0.07074, -0.09846, 0.07651, 0.13865, -0.23572, -0.17239, 0.06672, 0.08536, 0.00759, -0.04066, 0.0139, 0.03937, 0.06149, 0.05128, -0.03442, 0.03938, -0.00272, 0.03643, -0.03574, -0.01918, 0.01135, 0.00208, 0.0], "frank-1-1772394369": [-0.5977, -0.29356, -0.03729, 0.03077, 0.33438, -0.1124, 0.0457, -0.00758, 0.21742, 0.00301, -0.02633, 0.14438, -0.18064, -0.19483, -0.11592, -0.06457, 0.04582, 0.24854, -0.13641, 0.28387, -0.12358, 0.02973, -0.11149, -0.00531, 0.08955, 0.06644, 0.16567, 0.1059, 0.15804, -0.00204, -0.01466, 0.01962, 0.01875, -0.03001, 0.03007, 0.00501, -0.01027, 0.0], "red-book-4-1772394229": [-0.32047, -0.00068, 0.26061, 0.39397, 0.16627, -0.0019, 0.69864, -0.25803, 0.02843, 0.20151, 0.03972, -0.04364, 0.00582, -0.13515, -0.01217, -0.01046, -0.04296, 0.0187, 0.07968, -0.11684, 0.04856, 0.01263, 0.02274, 0.01356, 0.03942, -0.00573, 0.01971, -0.01023, -0.00558, -0.02519, 0.00097, -0.00369, -0.00911, 0.00046, -0.0069, -0.00075, -0.00829, 0.0], "hyde-street-10-1772390798": [-0.57638, 0.1759, -0.03302, -0.26077, -0.41104, 0.04368, 0.03118, 0.17878, 0.16771, 0.21048, 0.04728, 0.02002, 0.08857, 0.19785, 0.06894, 0.05383, -0.01564, -0.05655, -0.02379, -0.09764, 0.04125, 0.07952, 0.01292, -0.12949, -0.04606, 0.18065, 0.19679, 0.06904, -0.09656, -0.03859, -0.26393, -0.04796, -0.1073, -0.13772, 0.03512, -0.03121, 0.04505, 0.0], "space-riders-galaxy-of-brutality-1-1772313901": [-0.0919, 0.52599, -0.11358, 0.20536, -0.60431, 0.22019, 0.01329, 0.09005, -0.11752, -0.02292, 0.1826, 0.21259, -0.14958, -0.04958, 0.22549, -0.03602, -0.00681, -0.00164, 0.05982, 0.00124, -0.00466, -0.15097, -0.017, -0.00257, 0.16599, 0.02671, -0.01334, 0.07572, -0.0034, 0.05455, 0.05713, -0.01972, 0.01449, -0.01467, 0.00406, 0.00283, 0.00113, 0.0], "creatures-of-the-id-1-1772261881": [0.2742, 0.74946, -0.29478, -0.07704, 0.32819, 0.10164, -0.02571, 0.0188, 0.0012, -0.03666, -0.13385, -0.04506, 0.1585, -0.15882, 0.18311, 0.06041, 0.15525, 0.05194, 0.03177, 0.00814, -0.02915, 0.0895, -0.00556, 0.04708, 0.02504, 0.00863, 0.00538, -0.03307, -0.032, -0.00488, -0.01527, 0.01254, 0.00453, 0.00095, 8e-05, -0.00256, 0.01213, 0.0], "eightball-13-1772234666": [-0.45115, 0.1247, 0.2133, -0.00719, 0.45382, -0.10198, -0.05575, 0.26103, 0.05558, 0.024, 0.16332, -0.033, 0.13042, 0.23808, -0.10315, -0.07847, -0.00924, -0.04222, -0.1081, 0.02949, 0.00507, -0.04909, -0.16135, 0.01691, 0.28702, -0.06471, -0.28767, 0.04262, -0.03028, -0.28142, -0.04108, 0.12898, -0.05726, -0.07863, -0.03308, -0.01526, 0.04809, 0.0], "concrete-killer-smile-4-1772080387": [0.47605, 0.01443, 0.30088, -0.62418, 0.06173, -0.05114, 0.06359, 0.07907, -0.23604, -0.00237, -0.0807, -0.1249, -0.03128, -0.13487, -0.08303, -0.1851, 0.12496, 0.05615, -0.01705, -0.00413, 0.08259, -0.26582, 0.15769, 0.07584, -0.00347, 0.06319, -0.00918, -0.02409, 0.02944, -0.02033, -0.0555, -0.02293, 0.0022, -0.00763, 0.00523, -0.03166, -0.01824, 0.0], "stray-bullets-sunshine-roses-17-1771987399": [-0.08242, -0.60075, -0.25625, -0.28416, 0.31144, 0.2511, 0.0226, -0.00977, 0.24498, 0.02491, 0.16812, 0.09116, 0.02062, 0.11859, 0.01022, 0.08093, 0.22118, -0.1608, -0.00389, -0.15286, 0.06233, -0.04924, 0.0145, -0.11934, 0.04145, 0.18767, 0.05276, -0.07882, 0.04569, 0.00267, 0.09717, 0.08797, 0.13898, 0.02628, -0.01151, 0.03147, 0.04025, 0.0], "lady-killer-1-1771986359": [0.66237, -0.13247, 0.48188, -0.09985, -0.23783, 0.00496, -0.1101, 0.06939, -0.0696, -0.05238, 0.08356, 0.06903, 0.08866, -0.0569, -0.07613, 0.10548, 0.11834, 0.29272, 0.01341, -0.19393, 0.05845, 0.07042, -0.13221, -0.08754, -0.03564, -0.01094, -0.05543, 0.03567, 0.01842, 0.02453, 0.00532, 0.01691, -0.02041, 0.03073, 0.02752, 0.01456, -0.0185, 0.0], "madman-adventures-mini-comic-1-1771975358": [0.50716, 0.12168, 0.11849, -0.13557, 0.30727, 0.37449, -0.22014, -0.00825, -0.0586, 0.05963, 0.27092, -0.15231, -0.32501, 0.08982, -0.16672, -0.12048, -0.00941, -0.05015, 0.19711, 0.04328, 0.12119, 0.15675, -0.13087, 0.18507, 0.03739, 0.00952, 0.04298, -0.0261, -0.04204, 0.0915, -0.04218, -0.01847, -0.01898, 0.01167, -0.04196, 0.01336, -0.00979, 0.0], "the-invisible-man-3-1771911481": [-0.57347, 0.18612, 0.07022, 0.40175, 0.40279, -0.21939, -0.06879, 0.19905, -0.08356, 0.06218, 0.13012, 0.05096, 0.10697, 0.00182, 0.00762, 0.03295, -0.04928, -0.01112, -0.09248, 0.12084, 0.20649, 0.04678, 0.15217, -0.03745, -0.08398, 0.11759, -0.13699, 0.10876, -0.0059, 0.15624, 0.01245, 0.02683, -0.01255, 0.00983, 0.00192, -0.01453, -0.01068, 0.0],