{"model_version": "vgg16-gram-3layer-pca256-v1", "dim": 40, "embeddings": {"fatale-2-1773102971": [-0.63635, -0.03236, -0.06495, 0.50332, 0.01604, -0.11921, -0.05499, -0.17037, 0.17122, -0.1774, -0.08772, 0.14747, -0.04858, 0.05968, 0.12849, 0.01192, -0.03197, 0.09818, -0.10695, 0.046, -0.04908, 0.05615, 0.07522, 0.09013, -0.25058, -0.09128, -0.00835, -0.01984, 0.01251, 0.08079, -0.03755, -0.04954, -0.03847, -0.18132, -0.01288, -0.07134, -0.10584, 0.01409, 0.02111, -0.0], "heavy-liquid-1-1773021261": [-0.40324, -0.03278, 0.22655, -0.35424, -0.07871, -0.11289, -0.13097, 0.06904, -0.28525, 0.28504, 0.11814, 0.10804, 0.00532, -0.08181, 0.03583, 0.33044, 0.10628, -0.10286, 0.01342, 0.13492, 0.09713, -0.04871, -0.12613, -0.03786, -0.00036, -0.20651, -0.08845, 0.03855, -0.07514, 0.18199, -0.16041, -0.32334, 0.02749, 0.03007, -0.05601, 0.11646, -0.0008, -0.03581, -0.05625, -0.0], "heavy-liquid-3-1773012418": [0.41916, -0.22345, 0.6482, 0.11098, -0.26967, -0.03052, -0.26841, -0.01036, -0.09455, 0.19213, 0.23585, 0.06191, -0.04542, -0.12397, -0.06237, 0.10033, 0.06365, 0.01243, -0.00383, 0.02336, -0.0476, -0.02276, 0.07156, 0.08966, -0.03776, -0.06636, -0.02246, -0.07948, -0.01421, -0.13145, 0.0467, 0.03171, -0.06368, -0.00461, 0.00804, -0.01817, 0.01952, -0.00288, 0.02235, -0.0], "under-the-trees-where-nobody-sees-rite-of-spring-6-1773012198": [-0.81435, 0.18377, -0.34442, 0.10262, -0.12491, -0.10643, 0.04421, 0.00227, 0.0605, -0.04319, -0.09963, 0.02892, -0.02245, 0.05066, 0.06782, 0.1013, -0.0407, -0.03398, -0.06731, -0.10875, -0.0616, -0.02645, -0.04242, -0.01215, -0.02413, 0.03395, -0.06774, -0.08353, 0.05113, -0.05323, 0.10184, -0.08518, -0.02083, 0.00318, 0.08521, -0.05893, 0.11226, -0.13874, -0.07604, -0.0], "the-nice-house-by-the-sea-8-1772918924": [-0.54382, 0.04224, -0.02085, 0.58196, -0.14552, -0.26021, 0.11476, -0.06688, 0.25795, -0.08052, -0.03337, 0.03254, 0.0347, 0.07071, -0.06559, 0.06924, -0.12132, 0.04352, 0.05076, 0.03106, 0.00061, 0.08049, 0.10084, -0.00477, -0.08934, 0.01087, 0.09347, -0.212, 0.01854, -0.00244, -0.05074, 0.00335, 0.06299, 0.20834, -0.06656, 0.09497, 0.01271, 0.05568, -0.0269, -0.0], "space-riders-2-1772905823": [0.71279, 0.45859, 0.38097, 0.09413, 0.00658, 0.14863, 0.05838, -0.01981, -0.07957, -0.13519, -0.04952, 0.05042, -0.06033, 0.16912, -0.13139, 0.02314, -0.00355, 0.01601, -0.10917, -0.04701, 0.06485, -0.01981, -0.00905, -0.03364, 0.01382, -0.02041, -0.01918, 0.00163, 0.02138, 0.01105, 0.00273, -0.00075, -0.0057, 0.00223, -0.01229, -2e-05, 0.00192, -0.00114, -0.00843, -0.0], "under-the-trees-where-nobody-sees-rite-of-spring-5-1772599998": [-0.70966, 0.22276, -0.20815, -0.08789, -0.15155, 0.07551, -0.16103, 0.17343, 0.08334, -0.00935, -0.04256, -0.29722, 0.0132, 0.02506, -0.04832, -0.03685, -0.08282, -0.12805, -0.14871, -0.10176, -0.05648, -0.06182, -0.1026, 0.08027, 0.05419, 0.0644, -0.04366, -0.06343, -0.06207, -0.00526, 0.09569, -0.00904, -0.16948, 0.01996, 0.04444, 0.18608, -0.18679, -0.02354, 0.04844, -0.0], "dark-spaces-wildfire-1-1772597937": [-0.22181, 0.25522, -0.07867, -0.41704, -0.26366, 0.16372, 0.40328, -0.07268, 0.02691, 0.1927, -0.01112, 0.17958, -0.10309, -0.02035, 0.1384, -0.412, -0.04931, -0.03726, -0.02389, 0.0755, -0.10955, 0.11123, -0.08533, -0.12772, -0.03114, -0.26607, 0.0088, 0.00814, 0.13596, -0.06054, -0.0334, 0.04714, -0.1004, 0.04462, -0.03603, 0.03355, 0.01618, -0.02625, 0.01549, -0.0], "the-many-deaths-of-laila-starr-4-1772597713": [-0.3928, 0.08744, -0.12656, -0.37385, 0.19997, -0.14722, 0.08417, -0.39699, -0.03543, 0.13954, 0.1903, -0.08623, -0.24174, -0.1288, -0.01354, 0.24063, 0.0953, -0.05207, -0.15734, 0.00991, -0.02586, 0.04528, 0.00201, -0.11578, -0.06346, -0.01923, -0.181, 0.06211, 0.0986, 0.06634, 0.0866, 0.1327, 0.21118, 0.17403, 0.06743, -0.11751, -0.16605, -0.03458, 0.05846, -0.0], "heavy-metal-12-1772412303": [-0.16686, -0.45833, -0.17322, 0.01737, 0.02332, -0.11852, 0.03281, -0.51265, -0.12135, -0.42195, -0.04614, 0.27954, -0.09915, -0.11055, 0.09151, 0.03509, 0.02309, -0.18492, 0.01234, -0.11928, 0.11994, 0.05211, -0.02412, 0.14424, 0.15641, -0.01625, 0.03743, 0.09983, -0.00527, -0.12653, -0.02112, -0.03527, -0.04745, 0.04522, -0.01152, -0.00093, -0.02409, 0.04091, -0.0224, -0.0], "absolute-martian-manhunter-8-1772397781": [-0.32175, 0.08973, 0.32281, -0.00138, 0.34353, -0.01141, -0.59308, 0.04991, 0.29062, -0.06248, 0.16079, -0.08234, -0.18528, 0.03432, -0.03042, -0.08274, -0.08307, 0.017, 0.17264, -0.23842, -0.14199, 0.0722, -0.02993, -0.0644, 0.08325, -0.03563, 0.01434, 0.03126, 0.05619, 0.05425, -0.07591, -0.02844, 0.00371, 0.0003, 0.01893, -0.02517, 0.01127, 0.01102, -0.00092, -0.0], "frank-1-1772394369": [-0.58385, -0.2856, -0.03978, -0.02077, 0.35716, 0.06121, -0.05092, 0.07937, -0.19053, -0.05648, -0.05284, 0.15092, -0.15245, -0.10794, -0.20944, -0.0502, 0.02745, 0.28226, -0.07158, 0.28725, -0.1164, -0.07212, -0.12098, 0.01776, 0.13757, 0.16337, 0.06018, -0.05692, 0.1599, -0.03241, -0.03348, -0.06881, -0.022, -0.0008, 0.01118, -0.02075, -0.03285, 0.0108, -0.0068, -0.0], "red-book-4-1772394229": [-0.30984, 0.0152, -0.27607, 0.35126, 0.16025, 0.71335, 0.08577, -0.1849, -0.14569, 0.23744, -0.04801, -0.04225, -0.00043, -0.12315, -0.07985, 0.02223, -0.02144, 0.01129, 0.07687, -0.09881, 0.03968, 0.04004, 0.03619, 0.02253, -0.02488, 0.02301, -0.01529, -0.02166, -0.01169, 0.00177, -0.02815, -0.00274, 0.00136, -0.01064, -0.01052, -0.00228, 0.00201, -0.00085, -0.00819, -0.0], "hyde-street-10-1772390798": [-0.54848, 0.17112, 0.10763, -0.28458, -0.43523, 0.04606, -0.00598, 0.23226, -0.11123, 0.17193, -0.04307, 0.01661, 0.07905, 0.13926, 0.13042, -0.02159, -0.02429, -0.05296, -0.01483, -0.10791, 0.05205, 0.06258, -0.03785, -0.16292, 0.10048, 0.08327, 0.21051, -0.1004, -0.10007, -0.16813, 0.00834, -0.11547, 0.13058, -0.05489, -0.12619, -0.14375, -0.10701, -0.01618, 0.05726, -0.0], "space-riders-galaxy-of-brutality-1-1772313901": [-0.07256, 0.50234, 0.24468, 0.24247, -0.59666, 0.02107, 0.16815, 0.05947, 0.15789, 0.05875, 0.14903, 0.21005, -0.11306, -0.15457, 0.10754, -0.11364, -0.01175, -0.01952, 0.06352, -0.01078, -0.00046, -0.13561, 0.05346, 0.02059, 0.00682, 0.18066, -0.00249, 0.10796, 0.00749, 0.09051, 0.01073, -0.01442, 0.01091, 0.0094, 0.00426, 0.00726, -0.00289, 0.00445, -0.00661, -0.0], "creatures-of-the-id-1-1772261881": [0.2857, 0.73982, 0.28237, -0.08854, 0.3483, -0.03119, 0.09414, 0.01306, 0.03783, -0.09738, -0.11414, -0.05474, 0.14996, -0.19619, 0.15308, 0.01653, 0.13891, 0.06931, 0.03665, 0.00811, -0.0433, 0.08287, -0.02707, 0.04583, 0.00188, 0.01521, 0.00158, -0.02632, -0.04192, -0.01558, 0.0029, -0.00595, -0.00374, 0.014, 0.00624, 0.00226, 0.00575, -0.00507, 0.0122, -0.0], "eightball-13-1772234666": [-0.431, 0.14916, -0.25761, -0.04407, 0.41813, -0.04601, -0.11448, 0.27883, 0.03996, 0.09046, 0.1486, -0.03987, 0.11129, 0.25729, -0.00546, -0.0907, -0.02503, -0.02317, -0.12196, 0.02679, 0.01364, -0.07693, -0.06947, 0.13164, -0.24758, 0.16294, -0.1422, 0.21004, -0.07526, -0.21231, -0.24437, 0.01339, -0.04231, 0.12035, -0.06305, -0.0497, 0.04714, -0.02628, 0.04616, -0.0], "concrete-killer-smile-4-1772080387": [0.48875, 0.04827, -0.33374, -0.58702, -0.00522, 0.0437, -0.07768, -0.05387, 0.28808, -0.04647, -0.09956, -0.12506, -0.04248, -0.05939, -0.13539, -0.14227, 0.11853, 0.05873, -0.00941, -0.01111, 0.06557, -0.17481, 0.25383, 0.07783, -0.00145, -0.07019, 0.03745, -0.02267, 0.00282, -0.02531, -0.02282, -0.05551, 0.03959, 0.00395, -0.00195, -0.0039, -0.01162, -0.0312, -0.02193, -0.0], "stray-bullets-sunshine-roses-17-1771987399": [-0.05282, -0.60173, 0.18054, -0.34834, 0.32395, 0.01982, 0.27932, 0.11418, -0.16592, 0.05017, 0.11979, 0.10942, 0.02008, 0.11697, 0.09311, 0.031, 0.21951, -0.08094, -0.06613, -0.15457, 0.03979, -0.01116, 0.07967, -0.07143, -0.11517, 0.09447, 0.19876, -0.05686, 0.03764, 0.09809, -0.04147, 0.00388, -0.087, 0.02187, 0.13845, 0.0109, 0.02694, 0.02787, 0.04493, -0.0],