{"model_version": "vgg16-gram-4layer-normed-pca30-v1", "dim": 30, "embeddings": {"just-brutal-2-1774726746": [0.82884, 0.02237, 0.24278, -0.06746, -0.08126, 0.19462, 0.10935, -0.00058, -0.14659, -0.08668, -0.02444, 0.04978, 0.05379, -0.01338, -0.07903, 0.08537, -0.01603, 0.05441, -0.26508, 0.05737, 0.06135, 0.08847, -0.00368, 7e-05, -0.16601, 0.03847, 0.0287, 0.1062, -0.11479, -0.03475], "criminal-the-special-edition-0-1774321106": [-0.0124, -0.07853, -0.3108, 0.43688, -0.19948, 0.14347, 0.17818, -0.50097, 0.25683, -0.01181, 0.01178, 0.12681, -0.09641, 0.31089, 0.12848, 0.02811, -0.19319, 0.20166, -0.02143, -0.03308, 0.02395, -0.12036, -0.01876, 0.06205, 0.02967, -0.0285, 0.05621, 0.10021, -0.1782, 0.11003], "omaha-vol-2-4-1774217330": [-0.44422, 0.4798, -0.12671, -0.22825, -0.00878, 0.10824, 0.13689, 0.27945, -0.22713, 0.05672, 0.24528, 0.21065, -0.21254, 0.03352, 0.06154, 0.17304, 0.08868, 0.14288, 0.15355, 0.08419, 0.1998, 0.08124, -0.19021, -0.00574, 0.03796, 0.04925, -0.02297, 0.0174, -0.09865, -0.01484], "the-maxx-5-1774216970": [0.68043, 0.34695, 0.20561, -0.20214, 0.00641, 0.01853, -0.03841, 0.11031, 0.04982, 0.14832, -0.22951, -0.0527, -0.13663, -0.00393, 0.13826, 0.02214, -0.1116, -0.01482, 0.16733, 0.09681, -0.17311, -0.04554, 0.10264, -0.11341, -0.07105, 0.15485, -0.00626, 0.08611, 0.10734, -0.21855], "the-maxx-1-1774215636": [0.1195, -0.1219, -0.28906, -0.2123, 0.37236, -0.32787, -0.34646, -0.05791, -0.11138, 0.10043, -0.03531, -0.08017, 0.05458, -0.22009, 0.12062, -0.07377, -0.31328, 0.29893, -0.02205, 0.36496, -0.10486, 0.05549, -0.06506, 0.11156, -0.07356, -0.05596, 0.1002, 0.01514, 0.00147, 0.01894], "omaha-vol-2-4-1774215021": [-0.25645, -0.64015, 0.0588, -0.08328, -0.19732, -0.17655, -0.27324, 0.40498, -0.09453, -0.05757, 0.00806, 0.02965, 0.01337, 0.11669, -0.20735, 0.12434, -0.10712, 0.05921, 0.05077, -0.08055, -0.17264, 0.10264, -0.10153, -0.01765, -0.11544, 0.06331, 0.00369, -0.12952, 0.08686, 0.05618], "100-3-1774130564": [-0.37893, -0.20191, -0.00347, -0.42543, 0.21864, -0.28944, 0.14408, 0.17318, 0.27015, 0.25639, -0.21668, 0.32583, 0.05377, 0.01947, -0.05921, -0.14737, -0.07938, -0.0312, -0.03926, -0.13878, 0.11591, -0.05184, 0.03324, 0.08592, -0.00294, 0.14771, -0.08951, 0.21004, -0.0698, -0.02153], "geiger-22-1774128278": [-0.02797, 0.40416, 0.40408, -0.02057, 0.3555, 0.20822, -0.19573, -0.06012, -0.22863, -0.11829, 0.1014, 0.16556, 0.02085, 0.28863, -0.20224, -0.39868, -0.12073, -0.03605, 0.15876, -0.04874, 0.03392, -0.02279, 0.11702, 0.0201, -0.03078, -0.05624, 0.00119, -0.02876, -0.06609, -0.06655], "infernal-hulk-5-1774124257": [0.84049, 0.04212, -0.00739, -0.03244, 0.05449, 0.00234, 0.02397, 0.02321, -0.11073, 0.04105, -0.03028, -0.08131, -0.01441, -0.05267, -0.12546, 0.05995, 0.20311, 0.23036, -0.02251, -0.06435, 0.19443, 0.00248, 0.10736, -0.02677, -0.26849, -0.01607, 0.05197, 0.05861, -0.10665, 0.06278], "battle-beast-8-1774121456": [0.11517, -0.2604, 0.53277, -0.33603, 0.25528, 0.22774, -0.43228, -0.03307, 0.1415, -0.10468, 0.22986, -0.06504, -0.0038, 0.09536, -0.05086, 0.11008, 0.08458, -0.1805, -0.11072, 0.03822, 0.03701, -0.07523, -0.06719, 0.04956, 0.02543, 0.15891, 0.02962, 0.09159, 0.05156, -0.00601], "100-2-1773890854": [-0.28106, 0.13033, -0.38324, -0.59486, 0.09391, -0.05355, 0.28306, -0.00554, 0.18561, -0.05315, -0.16907, -0.0432, -0.10986, -0.15571, -0.15114, -0.11021, -0.07917, -0.09206, -0.13554, -0.05675, 0.09196, 0.22892, 0.09267, 0.1277, 0.03855, 0.10387, -0.16643, -0.03854, 0.09249, -0.0179], "criminal-the-special-edition-0-1773888551": [-0.3762, -0.277, -0.13698, 0.04991, 0.08554, -0.54594, 0.2652, -0.08932, 0.34763, 0.05444, -0.11324, 0.17932, 0.06332, 0.28575, -0.13528, 0.01363, -0.03557, 0.01362, 0.18306, 0.05422, -0.06777, 0.05171, 0.09894, -0.01167, -0.09829, 0.1319, 0.01271, -0.02764, -0.0401, 0.13856], "fatale-4-1773887276": [-0.09427, 0.57154, -0.52835, -0.25134, -0.30808, 0.06844, -0.06635, -0.05464, 0.25022, -0.23657, -0.05909, -0.03271, -0.09702, 0.12787, -0.01624, -0.02259, -0.13875, -0.06811, 0.07725, 0.06617, 0.05684, -0.02657, 0.05654, -0.03434, -0.09527, -0.01436, -0.09181, -0.0387, 0.05265, -0.03072], "love-rockets-1-1773544479": [-0.36529, -0.22598, 0.27744, 0.04499, -0.32964, -0.52976, -0.0866, -0.2438, -0.14096, -0.08806, -0.05455, 0.11304, -0.19418, -0.13654, -0.05517, 0.01778, -0.16661, -0.24477, 0.0089, -0.02445, 0.0828, 0.08408, -0.06456, -0.09269, 0.06442, 0.07415, 0.15036, 0.08841, -0.13094, -0.07006], "bleeding-hearts-2-1773522336": [-0.13407, -0.09314, -0.30793, 0.02097, 0.07143, 0.16092, -0.15097, -0.51784, 0.50871, 0.10026, 0.17203, -0.20716, 0.13162, 0.02467, -0.16233, 0.12241, -0.00962, 0.03347, 0.23395, 0.00966, 0.11629, 0.05302, -0.17103, 0.07333, 0.0491, 0.04599, -0.14624, 0.02277, 0.13239, -0.06761], "love-rockets-1-1773521483": [-0.47918, 0.66272, -0.04431, 0.01575, -0.13549, -0.2897, -0.15942, 0.13432, 0.06286, -0.12701, -0.05993, 0.06468, -0.04571, -0.16274, -0.10737, 0.12966, -0.01725, -0.04803, -0.06874, -0.07032, 0.01283, -0.22005, 0.09589, -0.05664, 0.02714, -0.08034, 0.06686, 0.01919, 0.06418, 0.09513], "heavy-metal-5-1773108178": [0.04119, 0.04011, -0.423, -0.30369, 0.33058, -0.26463, 0.14533, -0.25801, -0.3892, -0.0443, 0.01575, -0.27806, -0.0189, 0.24393, 0.02875, 0.28404, -0.01471, 0.01756, 0.04981, -0.20537, -0.10741, -0.12877, 0.02175, -0.01724, 0.05341, 0.00924, -0.00731, 0.08278, -0.00669, -0.04686], "heavy-metal-5-1773107506": [-0.00515, -0.40666, -0.59538, 0.02898, -0.24895, 0.00914, -0.22111, 0.18793, -0.1223, 0.08545, -0.10036, -0.23815, 0.1293, 0.18351, 0.08042, -0.04177, 0.2108, -0.18979, 0.15426, 0.09127, -0.05082, -0.14044, 0.08326, 0.09294, 0.01125, -0.15068, 0.02587, 0.10252, 0.01459, 0.02605], "heavy-metal-5-1773106373": [0.11873, -0.00653, -0.29909, -0.08043, 0.35697, -0.20677, -0.32188, -0.00423, 0.30107, -0.18305, 0.46061, 0.24478, 0.19542, -0.06131, 0.20163, 0.08563, 0.08402, -0.10097, -0.03193, -0.1869, 0.01157, 0.05047, 0.07097, 0.15365, -0.18294, 0.07572, 0.06289, -0.00088, -0.00714, 0.04726], "heavy-metal-5-1773105715": [0.18242, 0.29111, 0.07036, 0.36883, -0.13652, 0.0116, -0.19712, 0.09544, -0.33542, -0.19497, -0.04972, 0.14754, 0.45097, -0.0705, 0.26457, 0.14884, -0.31291, -0.12469, -0.02076, 0.07355, 0.16912, -0.02129, 0.07893, 0.06405, 0.05268, -0.00624, -0.13223, -0.04633, -0.00831, 0.13341], "faithless-ii-5-1773104441": [-0.28408, 0.34944, -0.41724, 0.06644, -0.29611, 0.01483, -0.2354, 0.03656, 0.08014, -0.17793, 0.03133, -0.09963, -0.02582, 0.21235, -0.17565, 0.20068, -0.03163, -0.1252, -0.13468, 0.2635, -0.02781, 0.20266, 0.15842, -0.03438, -0.15716, -0.13254, 0.1534, -0.04653, -0.06879, -0.25119], "fatale-2-1773102971": [-0.55427, 0.5505, 0.04744, 0.29396, -0.08802, 0.03519, 0.21469, -0.18107, 0.08809, -0.00206, 0.06318, 0.05707, 0.13919, 0.11673, 0.00118, 0.01263, 0.15523, 0.11548, 0.09083, 0.2198, -0.07614, 0.11549, -0.01909, 0.0481, 0.00587, -0.05828, 0.08306, 0.0157, 0.19018, 0.0498], "heavy-liquid-1-1773021261": [0.25806, -0.29712, 0.36609, -0.56779, -0.16046, 0.34413, -0.01646, -0.02522, -0.01921, -0.0581, -0.07155, -0.00511, -0.11247, 0.20242, 0.01126, 0.06576, 0.08667, -0.01248, -0.24612, 0.12294, -0.02873, 0.08482, 0.06153, -0.14254, 0.06336, -0.02626, 0.08423, -0.01689, 0.08983, 0.20258], "heavy-liquid-3-1773012418": [-0.15591, -0.2803, 0.07567, -0.52814, -0.13685, 0.11161, 0.54112, -0.2597, -0.07283, -0.23073, 0.02495, 0.05545, 0.01468, 0.05011, 0.05732, -0.08112, -0.03414, -0.08625, -0.20022, 0.02358, -0.01515, 0.22576, -0.03757, -0.10784, 0.01536, -0.06589, 0.0256, -0.01847, 0.16085, 0.0355], "under-the-trees-where-nobody-sees-rite-of-spring-6-1773012198": [-0.07098, 0.54713, -0.22047, 0.30325, 0.07909, 0.1336, -0.50126, 0.02885, -0.17172, 0.02366, 0.0075, -0.03173, 0.13913, -0.01581, -0.05257, -0.07716, 0.11312, 0.03542, -0.17236, 0.01788, -0.16668, 0.06683, -0.109, -0.2152, 0.14597, 0.16142, -0.16953, 0.08959, -0.0108, 0.02543],