{"model_version": "vgg16-gram-4layer-normed-pca30-v1", "dim": 30, "embeddings": {"absolute-martian-manhunter-10-1774742607": [0.34264, 0.12705, 0.19547, 0.20526, 0.36536, -0.04056, 0.07226, -0.24287, 0.23433, -0.29192, -0.00067, -0.17866, -0.04856, -0.25684, -0.0641, -0.19176, -0.1097, -0.13634, 0.01848, -0.03739, 0.16847, 0.11513, -0.38041, 0.11535, -0.16633, -0.13396, 0.06166, 0.00983, 0.12288, -0.09437], "minor-arcana-15-1774730563": [-0.4215, -0.04553, -0.18905, -0.25259, -0.33617, 0.23744, -0.16994, 0.14612, 0.22965, -0.25555, -0.11061, -0.06129, 0.10924, -0.00023, -0.22242, 0.17339, -0.13265, 0.11218, -0.01555, 0.1376, -0.03815, -0.13589, 0.0066, 0.22918, -0.28412, -0.01673, -0.06894, -0.13697, -0.21299, -0.06229], "just-brutal-2-1774726746": [0.82748, 0.01608, 0.21987, -0.09657, -0.11575, 0.17367, 0.13527, 0.00464, -0.0939, -0.14541, -0.01587, -0.0414, 0.06178, 0.00104, -0.09134, 0.0856, -0.00729, 0.05728, -0.26015, 0.02544, 0.0839, 0.06838, 0.0181, 0.02073, -0.09408, 0.15132, 0.00844, 0.08482, -0.10597, -0.09843], "criminal-the-special-edition-0-1774321106": [-0.01125, -0.0835, -0.29979, 0.4458, -0.1892, 0.07481, 0.23374, -0.49671, 0.2152, 0.12893, 0.01473, -0.07734, -0.06761, 0.36146, 0.08735, 0.05452, -0.19604, 0.1997, -0.01724, -0.06535, -0.01077, -0.1165, 0.05569, -0.05882, 0.04651, 0.03036, -0.03603, 0.04734, -0.1886, 0.03548], "omaha-vol-2-4-1774217330": [-0.4462, 0.47804, -0.13655, -0.22469, -0.0038, 0.08199, 0.14864, 0.27387, -0.24832, -0.01142, 0.22955, -0.22151, -0.20569, 0.06983, 0.03216, 0.17706, 0.07667, 0.11419, 0.15697, 0.04686, 0.23914, 0.07753, -0.01104, -0.17131, -0.06885, -0.04606, 0.03848, -0.00283, -0.08364, -0.0503], "the-maxx-5-1774216970": [0.68734, 0.34282, 0.17907, -0.22475, -0.01568, 0.02988, -0.04324, 0.1155, 0.00518, 0.12098, -0.25009, 0.04511, -0.14094, -0.00773, 0.10738, 0.03986, -0.14039, -0.0085, 0.16423, 0.10737, -0.13248, 0.03141, -0.17912, 0.11697, 0.02445, 0.05092, 0.14553, 0.09088, 0.05956, -0.20016], "the-maxx-1-1774215636": [0.11621, -0.12946, -0.28735, -0.18392, 0.39176, -0.23196, -0.41401, -0.03924, -0.13763, 0.03844, -0.06135, 0.05791, 0.05087, -0.2168, 0.08833, 0.02589, -0.32061, 0.37824, -0.04431, 0.30341, -0.10313, 0.07669, 0.0803, -0.08883, -0.0308, 0.09167, -0.04693, 0.03211, 0.06446, 0.00666], "omaha-vol-2-4-1774215021": [-0.27489, -0.64884, 0.06545, -0.09991, -0.21772, -0.15105, -0.30136, 0.37981, -0.05799, -0.10047, 0.0227, -0.03009, 0.02133, 0.09722, -0.2234, 0.05104, -0.07571, 0.0118, 0.06159, -0.11252, -0.12927, 0.16421, -0.05422, -0.05845, -0.08588, 0.07929, 0.05403, -0.047, 0.06696, 0.10468], "100-3-1774130564": [-0.37864, -0.1991, 0.00417, -0.39546, 0.2844, -0.27919, 0.08134, 0.19732, 0.18517, 0.27536, -0.2576, -0.33503, 0.04882, 0.02147, -0.02993, -0.15778, -0.06567, -0.03392, -0.03931, -0.11523, 0.06493, -0.1312, 0.1038, 0.01077, -0.0132, -0.04765, 0.09666, 0.23896, -0.13083, -0.01527], "geiger-22-1774128278": [-0.01153, 0.41632, 0.40248, -0.01937, 0.30599, 0.27856, -0.18653, -0.05734, -0.17634, -0.18061, 0.11567, -0.14692, 0.03273, 0.26019, -0.15751, -0.44062, -0.11025, 0.00358, 0.15495, -0.02003, -0.00344, -0.06565, 0.06956, 0.10932, 0.02802, 0.02217, -0.05265, -0.0348, 0.00137, -0.07427], "infernal-hulk-5-1774124257": [0.83995, 0.03158, -0.02585, -0.04489, 0.03304, 0.01233, 0.01299, 0.04238, -0.11914, -0.00618, -0.04297, 0.07721, -0.00689, -0.04702, -0.12554, 0.06494, 0.21161, 0.21585, -0.02242, -0.09842, 0.20172, -0.04415, -0.02055, 0.16426, -0.07859, 0.21406, -0.06223, 0.07075, -0.0944, 0.04395], "battle-beast-8-1774121456": [0.11699, -0.25358, 0.52651, -0.34846, 0.19571, 0.31188, -0.40593, -0.05294, 0.12284, 0.03287, 0.25405, 0.08588, 0.00469, 0.10397, -0.05206, 0.0804, 0.10231, -0.18698, -0.1064, 0.05157, 0.00136, -0.07406, 0.02372, -0.09689, -0.00173, 0.03789, 0.16775, 0.08754, 0.00022, -0.00645], "100-2-1773890854": [-0.28863, 0.12321, -0.38905, -0.56406, 0.18498, -0.09667, 0.2783, -0.00413, 0.21363, -0.00853, -0.14917, 0.03488, -0.1281, -0.16982, -0.1178, -0.12884, -0.05104, -0.08704, -0.1318, -0.05291, 0.09911, 0.17206, 0.19168, 0.12006, -0.06698, -0.1391, 0.1251, 0.05222, 0.04734, 0.02582], "criminal-the-special-edition-0-1773888551": [-0.36558, -0.26918, -0.11165, 0.08348, 0.17888, -0.55478, 0.17223, -0.0416, 0.30924, 0.16187, -0.12285, -0.14734, 0.08856, 0.2869, -0.14613, -0.02471, -0.02748, 0.01619, 0.18721, 0.0487, -0.04951, 0.07286, -0.00843, 0.10831, -0.00259, 0.09967, 0.11134, -0.01725, -0.12973, 0.18726], "fatale-4-1773887276": [-0.10826, 0.56035, -0.55571, -0.25995, -0.28677, 0.02738, -0.0236, -0.0968, 0.32, -0.10911, -0.00036, 0.06515, -0.09994, 0.12784, -0.01842, -0.05233, -0.14017, -0.0678, 0.07737, 0.06407, 0.07292, -0.01061, -0.0483, 0.06796, -0.00974, 0.01296, 0.00035, 0.01569, 0.08989, 0.04148], "love-rockets-1-1773544479": [-0.36121, -0.21771, 0.29157, 0.0432, -0.25011, -0.56523, -0.1275, -0.25348, -0.0787, -0.15986, -0.04279, -0.1145, -0.2014, -0.1096, -0.05838, 0.02431, -0.14448, -0.23087, 0.00174, 0.00134, 0.04303, 0.03853, 0.0932, -0.10991, 0.08935, 0.0996, -0.011, -0.02236, -0.1902, -0.12826], "bleeding-hearts-2-1773522336": [-0.13511, -0.09709, -0.29802, 0.04142, 0.08308, 0.16183, -0.09986, -0.52656, 0.38458, 0.35528, 0.15872, 0.20568, 0.14273, -8e-05, -0.17875, 0.07731, 0.00511, 0.01012, 0.23211, -0.01079, 0.13571, 0.03996, 0.02123, -0.14997, -0.10523, -0.1688, 0.06247, 0.06998, 0.1267, -0.0054], "love-rockets-1-1773521483": [-0.4786, 0.67152, -0.05179, 0.01366, -0.11657, -0.27927, -0.19709, 0.11963, 0.12022, -0.10811, -0.03056, -0.06141, -0.05787, -0.1407, -0.09351, 0.11555, 0.02201, -0.0641, -0.06902, -0.07908, -0.01348, -0.19036, -0.05394, 0.00559, 0.17321, 0.03931, -0.02089, 0.03601, 0.07081, 0.05521], "heavy-metal-5-1773108178": [0.03982, 0.03106, -0.41938, -0.26019, 0.40484, -0.25587, 0.09601, -0.2069, -0.36917, -0.15067, 0.0111, 0.3045, 0.01394, 0.24618, -0.04372, 0.25311, -0.02444, -0.04396, 0.05959, -0.20669, -0.10962, -0.09565, -0.09635, 0.00768, 0.03584, -0.038, 0.01711, 0.06355, 0.00858, -0.0862], "heavy-metal-5-1773107506": [-0.0271, -0.42179, -0.59197, 0.02531, -0.26496, 0.00183, -0.19777, 0.15643, -0.16243, 0.0448, -0.10169, 0.24001, 0.12274, 0.13379, 0.0975, -0.08957, 0.17413, -0.18718, 0.1578, 0.14412, -0.0479, -0.12677, -0.00951, 0.03845, 0.01326, -0.08074, -0.16725, 0.11217, 0.10694, -0.00553], "heavy-metal-5-1773106373": [0.11911, -0.01242, -0.29644, -0.05369, 0.36154, -0.11398, -0.37344, -0.00227, 0.30479, 0.03104, 0.49118, -0.22416, 0.19388, -0.00636, 0.2173, 0.1264, 0.07931, -0.11143, -0.02783, -0.15049, -0.03088, -0.02643, 0.15241, 0.11919, -0.12837, 0.14925, 0.06023, 0.03938, 0.01195, 0.01589], "heavy-metal-5-1773105715": [0.18742, 0.29166, 0.06348, 0.34669, -0.19447, 0.03626, -0.19655, 0.08214, -0.21559, -0.33538, -0.02352, -0.13486, 0.44421, -0.06397, 0.23901, 0.17551, -0.32722, -0.12426, -0.02498, 0.06656, 0.15134, -0.06013, 0.08102, 0.0431, 0.01895, -0.12976, 0.02729, -0.01425, -0.03, 0.1499], "faithless-ii-5-1773104441": [-0.30037, 0.3439, -0.43397, 0.0543, -0.31857, 0.0089, -0.21146, 0.00084, 0.12865, -0.1059, 0.07158, 0.12905, -0.00674, 0.20761, -0.21215, 0.13173, -0.02059, -0.1313, -0.1359, 0.24494, 0.04193, 0.24309, 0.02753, 0.15933, 0.04627, 0.20461, -0.14691, -0.07307, 0.11167, -0.17998], "fatale-2-1773102971": [-0.54471, 0.55992, 0.05334, 0.29741, -0.08068, -0.01178, 0.22954, -0.16268, 0.06174, 0.06302, 0.06029, -0.03169, 0.15294, 0.1416, 0.01036, 0.02856, 0.15582, 0.15137, 0.07547, 0.19886, -0.06978, 0.11482, 0.05622, -0.04053, 0.0131, 0.03649, -0.03034, 0.05819, 0.18001, 0.04893], "heavy-liquid-1-1773021261": [0.24636, -0.29667, 0.3427, -0.58772, -0.16976, 0.3019, 0.05712, -0.05454, -0.01586, -0.03728, -0.04749, 0.03646, -0.10963, 0.21565, 0.01898, 0.02758, 0.0866, -0.02736, -0.24943, 0.07732, 0.02084, 0.15358, -0.06926, -0.02939, 0.21402, 0.03233, 0.00543, 0.02175, 0.13402, 0.16103],