{"model_version": "vgg16-gram-4layer-normed-pca30-v1", "dim": 30, "embeddings": {"the-maxx-1-1774215636": [0.18145, -0.13419, -0.27185, -0.18206, 0.32873, -0.2173, -0.45056, -0.06167, -0.05376, 0.12946, -0.03778, 0.03872, -0.01329, -0.31336, 0.02044, 0.14573, 0.29476, 0.06743, 0.40606, 0.20885, -0.04898, -0.0601, 0.05885, -0.08962, 0.06929, 0.06385, 0.02712, -0.08772, 0.04704, -0.01909], "omaha-vol-2-4-1774215021": [-0.26219, -0.64541, 0.03658, 0.02448, -0.2457, -0.08126, -0.32414, 0.34425, -0.16018, 0.02767, -0.06201, -0.04651, 0.00869, 0.11077, -0.25358, -0.09358, 0.02216, 0.12716, -0.03363, 0.09955, -0.17084, -0.04774, -0.02131, -0.13789, 0.08101, -0.11479, 0.01234, 0.0747, 0.01464, 0.00747], "100-3-1774130564": [-0.3611, -0.22896, -0.08458, -0.38904, 0.21081, -0.33504, 0.03901, 0.28969, 0.20899, 0.22586, 0.34223, -0.22481, -0.08243, 0.05155, -0.0006, 0.08632, 0.0902, 0.00412, -0.13661, -0.1117, 0.08446, -0.01843, 0.11793, 0.11993, -0.08699, -0.08612, 0.16113, -0.09186, 0.05958, -0.09639], "geiger-22-1774128278": [-0.07121, 0.42595, 0.37284, -0.08548, 0.36307, 0.24842, -0.14153, -0.05052, -0.2453, -0.00779, -0.11796, -0.2479, -0.1003, 0.3569, -0.08577, 0.30413, 0.15157, -0.01282, -0.13175, 0.06869, 0.10407, 0.04167, 0.00745, 0.01123, -0.03174, 0.01228, -0.10821, -0.05658, 0.06281, 0.0138], "infernal-hulk-5-1774124257": [0.81824, 0.02897, 0.14585, -0.04769, 0.04274, 0.01247, 0.02488, -0.01406, -0.0867, 0.09011, 0.0276, 0.12578, 0.00972, -0.0627, -0.10886, 0.0697, -0.20115, 0.15001, 0.0061, -0.03948, 0.16519, 0.16438, -0.03704, -0.24453, 0.0541, -0.07371, 0.02082, -0.23937, -0.04642, -0.04539], "battle-beast-8-1774121456": [0.02103, -0.25214, 0.53462, -0.33801, 0.2606, 0.3548, -0.35315, 0.04556, 0.13577, -0.14975, -0.16039, 0.04157, 0.05043, 0.09743, -0.0336, -0.12453, -0.09721, -0.17124, 0.01624, -0.16454, -0.03228, -0.06779, 0.09681, 0.02745, 0.10982, -0.04545, 0.10382, -0.05348, 0.06632, -0.06561], "100-2-1773890854": [-0.19334, 0.0673, -0.46845, -0.58244, 0.11793, -0.13614, 0.28093, 0.11609, 0.05976, -0.06046, 0.1475, 0.10045, -0.2009, -0.05717, -0.08091, 0.05781, 0.09025, -0.04315, -0.05516, -0.10454, -0.14641, 0.26039, 0.17769, 0.00099, -0.0849, -0.1287, 0.02324, 0.08747, 0.06744, -0.02603], "criminal-the-special-edition-0-1773888551": [-0.3171, -0.22476, -0.17173, 0.05049, 0.05853, -0.6008, 0.07884, 0.01626, 0.29219, -0.06642, 0.24334, -0.07884, 0.1704, 0.29845, -0.11055, 0.05182, 0.07767, 0.0195, -0.039, 0.19183, 0.0384, 0.01749, -0.03212, 0.05214, 0.12641, -0.15058, 0.03615, -0.0836, -0.20674, -0.13357], "fatale-4-1773887276": [0.02761, 0.53062, -0.56865, -0.31174, -0.28931, 0.12077, 0.02296, 0.07509, 0.07777, -0.27865, 0.06961, 0.07831, -0.01748, 0.1618, 0.00454, -0.01879, 0.17882, -0.04611, 0.00274, 0.06045, 0.11317, 0.02428, -0.0374, -0.06634, -0.04218, -0.07673, 0.00244, 0.06084, 0.0467, -0.02534], "love-rockets-1-1773544479": [-0.40557, -0.16605, 0.2233, 0.01721, -0.37194, -0.46468, -0.23994, -0.30554, -0.07396, -0.11211, 0.09997, -0.02223, -0.22389, -0.03229, -0.05859, -0.0999, 0.18142, -0.18113, -0.1348, -0.08877, -0.07855, 0.0245, -0.07161, 0.11084, 0.08382, 0.09227, 0.00496, -0.12726, -0.07992, -0.07331], "bleeding-hearts-2-1773522336": [-0.05898, -0.04447, -0.31285, -0.02976, 0.09832, 0.21591, -0.06108, -0.3693, 0.61765, -0.1685, -0.01908, 0.20752, 0.30728, 0.02164, -0.21535, 0.07846, 0.11502, 0.00714, -0.10907, 0.0252, 0.01095, -0.05969, 0.10951, 0.01295, -0.12686, -0.02081, 0.08687, 0.17968, 0.02509, 0.0006], "love-rockets-1-1773521483": [-0.42507, 0.68277, -0.16521, -0.05422, -0.16885, -0.20819, -0.20471, 0.18719, -0.02945, -0.09652, 0.05894, -0.044, -0.14289, -0.11489, -0.1325, -0.16021, -0.09009, -0.01075, -0.02011, -0.06285, 0.17381, -0.05784, -0.06992, 0.02833, 0.0307, 0.07443, 0.02515, 0.05691, -0.05037, 0.1302], "heavy-metal-5-1773108178": [0.13687, 0.00135, -0.41621, -0.29324, 0.3274, -0.31601, 0.02852, -0.30155, -0.32752, 0.07385, -0.22254, 0.21337, 0.15296, 0.14641, -0.0416, -0.28912, -0.06047, 0.1639, -0.11231, 0.0343, 0.06636, -0.11984, -0.01661, 0.09694, -0.02689, 0.02812, 0.03671, -0.02673, 0.09124, -0.02585], "heavy-metal-5-1773107506": [0.11494, -0.41024, -0.57242, 0.11676, -0.28103, 0.09647, -0.16758, 0.11445, -0.14891, 0.16383, -0.07068, 0.15621, 0.23156, 0.11745, 0.10541, 0.05274, -0.14128, -0.23365, -0.06406, 0.15082, 0.13163, -0.08675, 0.03999, 0.07223, -0.16797, 0.12045, 0.0009, -0.07536, -0.02716, 0.07613], "heavy-metal-5-1773106373": [0.21146, -0.00108, -0.25826, -0.08046, 0.32254, -0.10213, -0.39371, 0.09272, 0.35555, -0.31292, -0.22845, -0.36778, 0.10145, -0.0795, 0.16792, -0.14247, -0.10585, 0.02407, -0.19427, -0.01648, 0.00226, 0.07522, 0.17483, -0.1279, 0.07693, -0.02675, 0.02905, -0.07326, -0.02716, 0.10575], "heavy-metal-5-1773105715": [0.19324, 0.34781, 0.10632, 0.32206, -0.16361, 0.08715, -0.16463, 0.00781, -0.38467, -0.02406, -0.03667, -0.3407, 0.32119, -0.25504, 0.09697, -0.20782, 0.31155, -0.10597, 0.06042, -0.07526, 0.09997, 0.09695, 0.06704, 0.01326, -0.06728, -0.12318, 0.00312, 0.00488, -0.12992, -0.00892], "faithless-ii-5-1773104441": [-0.18424, 0.3666, -0.48337, 0.03696, -0.30784, 0.10614, -0.17861, 0.07661, 0.01357, -0.17646, -0.07066, 0.10061, 0.07923, 0.24961, -0.15282, -0.18047, 0.02068, -0.15419, 0.21884, 0.06311, -0.0878, 0.24958, -0.05239, -0.18465, 0.06861, 0.12815, -0.20593, -0.11106, 0.07345, -0.13311], "fatale-2-1773102971": [-0.50913, 0.60405, -0.05563, 0.20321, -0.06953, -0.02997, 0.23462, -0.14804, 0.13104, -0.05718, -0.00998, -0.09918, 0.18057, 0.11771, 0.01358, 0.0809, -0.10448, 0.01234, 0.18304, 0.20609, -0.02245, 0.02682, 0.01804, -0.07495, 0.05591, 0.14189, 0.12507, 0.10791, 0.10035, 0.10214], "heavy-liquid-1-1773021261": [0.16758, -0.33135, 0.37436, -0.54028, -0.11082, 0.34268, 0.09873, 0.02001, -0.09619, -0.01422, 0.06582, 0.08295, -0.025, 0.20151, 0.07926, -0.11877, -0.07409, -0.01307, 0.23685, -0.09576, -0.09605, 0.13278, -0.14615, -0.01112, 0.08976, 0.03471, 0.10217, 0.02638, 0.10917, 0.23736], "heavy-liquid-3-1773012418": [-0.16493, -0.31165, 0.03876, -0.52423, -0.07437, -0.05446, 0.55534, -0.21759, -0.11862, -0.20382, -0.02888, -0.09959, -0.02781, 0.09221, 0.11722, -0.02408, 0.07047, -0.006, 0.09312, -0.12406, -0.22272, 0.15914, -0.0846, -0.08615, -0.01235, 0.07339, 0.07601, 0.04105, -0.09945, -0.06069], "under-the-trees-where-nobody-sees-rite-of-spring-6-1773012198": [0.00088, 0.57876, -0.24303, 0.25009, 0.0499, 0.28195, -0.4043, -0.00887, -0.1298, 0.10321, -0.07874, -0.05991, 0.04732, -0.02038, -0.01392, 0.08703, -0.14105, 0.02846, 0.10363, -0.14161, -0.24883, -0.04389, -0.16089, 0.16985, -0.10029, -0.15219, 0.12913, 0.03267, -0.08861, -0.14594], "the-nice-house-by-the-sea-8-1772918924": [-0.30584, 0.7787, -0.06149, -0.05076, -0.05853, -0.01552, 0.06906, -0.09465, -0.04438, -0.04181, 0.27745, -0.00075, -0.06551, -0.11676, 0.00209, -0.04788, -0.01303, 0.05265, -0.08833, 0.13786, -0.09052, -0.09847, -0.0767, 0.01636, -0.0315, -0.15754, -0.04468, -0.13159, 0.13595, 0.24088], "space-riders-2-1772905823": [0.60288, 0.0476, 0.22021, -0.04881, -0.12859, -0.25609, 0.43887, -0.07981, -0.00419, 0.05334, -0.14286, -0.31187, -0.03169, -0.13051, -0.09571, -0.08513, -0.05191, -0.12544, -0.00131, 0.05377, -0.00124, 0.03601, -0.0134, 0.06916, -0.18286, 0.2105, 0.03704, -0.13595, 0.03208, -0.14527], "under-the-trees-where-nobody-sees-rite-of-spring-5-1772599998": [-0.10511, -0.05307, -0.2032, 0.20815, 0.28892, -0.28935, -0.28461, -0.18905, 0.11644, 0.39811, 0.27739, 0.08792, 0.16851, 0.09602, -0.11402, 0.27595, -0.09648, 0.06803, -0.0028, -0.35748, -0.02871, 0.01743, -0.01143, 0.00306, 0.04179, 0.15682, -0.07739, -0.02942, -0.15974, 0.17994], "dark-spaces-wildfire-1-1772597937": [0.56518, -0.01488, -0.40526, -0.09134, -0.29387, 0.01133, -0.11902, 0.28744, 0.12971, 0.05489, -0.20622, 0.1544, -0.08696, 0.08829, 0.24646, 0.17635, 0.12859, -0.05843, -0.08666, 0.14844, 0.09231, -0.08894, -0.1177, 0.12264, 0.16208, -0.00292, 0.0087, 0.05845, -0.07672, -0.02479],