{"model_version": "vgg16-gram-3layer-pca256-v1", "dim": 37, "embeddings": {"under-the-trees-where-nobody-sees-rite-of-spring-6-1773012198": [-0.80851, 0.14996, 0.37479, 0.05212, -0.02556, -0.11951, 0.02935, 0.01117, -0.05754, 0.00451, 0.05339, -0.07315, -0.09279, 0.0438, -0.16457, -0.05061, -0.04911, 0.05796, -0.03695, -0.11898, -0.07791, 0.04085, -0.02178, -0.06337, 0.10696, 0.01213, -0.04807, 0.07481, 0.02281, 0.11738, 0.01143, -0.0856, 0.0335, -0.11843, -0.13334, -0.07284, -0.0], "the-nice-house-by-the-sea-8-1772918924": [-0.53749, 0.04877, 0.11876, 0.52905, -0.21537, -0.28272, -0.02659, -0.04915, -0.26396, -0.0907, 0.08637, -0.02253, -0.07175, 0.1139, -0.03903, -0.11083, 0.00683, -0.10119, -0.04643, 0.00025, 0.02837, 0.05847, 0.11246, -0.03612, 0.05066, 0.22365, -0.11905, 0.17332, -0.13905, -0.07513, 0.01249, 0.04819, -0.05212, 0.07513, 0.0646, -0.00971, -0.0], "space-riders-2-1772905823": [0.70348, 0.48746, -0.34401, 0.12363, -0.14279, 0.14086, 0.00821, -0.03379, 0.11801, -0.06082, 0.0604, -0.07386, 0.03732, 0.20547, 0.02949, -0.0014, 0.01274, 0.08993, -0.06123, -0.06913, 0.04255, -0.00056, 0.00562, -0.03481, -0.0026, -0.02677, 0.0042, 0.01693, 0.0016, 0.0069, -0.01033, 0.00968, -0.00692, -0.00345, -0.00128, -0.00662, -0.0], "under-the-trees-where-nobody-sees-rite-of-spring-5-1772599998": [-0.72074, 0.19993, 0.25225, -0.10814, -0.04795, 0.08189, -0.18601, 0.1499, -0.03108, 0.01614, -0.26692, 0.00891, -0.07716, 0.04732, 0.04191, -0.03359, -0.16462, 0.10756, -0.07169, -0.14367, -0.08854, 0.04901, -0.09626, 0.04406, 0.06409, -0.02869, -0.09618, -0.07467, 0.01237, 0.10968, -0.12661, 0.04553, 0.11627, 0.2489, -0.02853, 0.05748, -0.0], "dark-spaces-wildfire-1-1772597937": [-0.23596, 0.23436, 0.06252, -0.4367, -0.25659, 0.10385, 0.42443, 0.00954, -0.06167, 0.19631, 0.1282, -0.02968, 0.22296, -0.23281, 0.12228, 0.16238, -0.13593, -0.13684, -0.14396, -0.0329, -0.12828, 0.17977, 0.04973, -0.24503, -0.12693, -0.02643, 0.10322, 0.13698, 0.02805, -0.04487, -0.10384, 0.04711, -0.0047, 0.00971, -0.01876, 0.01591, -0.0], "the-many-deaths-of-laila-starr-4-1772597713": [-0.40464, 0.06125, 0.01495, -0.34629, 0.27689, -0.14679, 0.21634, -0.36084, -0.10662, -0.02831, -0.1455, -0.18317, 0.0944, -0.03398, -0.03678, -0.08568, 0.04993, 0.29819, 0.07721, 0.19371, -0.00716, -0.07438, -0.00189, -0.07253, 0.06761, -0.16978, 0.1793, 0.11512, -0.18715, -0.01219, 0.14753, -0.14202, -0.13341, 0.15485, -0.06935, 0.05707, -0.0], "heavy-metal-12-1772412303": [-0.16948, -0.47791, 0.08123, -0.00937, 0.02291, -0.10328, 0.05095, -0.51642, 0.0965, -0.33215, 0.34525, -0.22237, -0.12321, -0.11468, -0.13776, 0.02287, -0.14344, 0.04803, 0.03412, -0.11462, 0.10823, 0.14178, -0.01123, 0.12309, -0.06201, 0.00593, 0.06084, -0.04874, 0.13778, -0.00786, -0.01691, -0.0076, -0.0359, 0.05048, 0.0372, -0.0276, -0.0], "absolute-martian-manhunter-8-1772397781": [-0.33716, 0.11903, -0.34894, 0.04865, 0.31231, 0.07664, -0.60669, 0.01978, -0.21622, -0.14018, -0.08392, -0.11774, 0.23088, -0.02643, 0.07291, -0.07259, 0.05097, -0.05094, 0.23154, -0.10635, -0.16989, 0.07252, 0.08486, -0.00768, -0.05655, -0.04398, -0.01287, 0.03408, 0.04475, -0.03727, -0.02453, -0.03813, -0.00932, -0.02549, 0.01095, 0.00318, -0.0], "frank-1-1772394369": [-0.5918, -0.29534, -0.09485, 0.05579, 0.33961, 0.05605, 0.01345, 0.04511, 0.20426, 0.00295, 0.1533, -0.18407, -0.02036, 0.03233, 0.20851, 0.00168, 0.26163, -0.04627, -0.25147, 0.22402, -0.1323, -0.05668, -0.11182, 0.10397, -0.01541, -0.03106, -0.13364, 0.11503, 0.15201, 0.01653, -0.00941, -0.028, -0.01796, 0.02592, 0.00469, -0.00924, -0.0], "red-book-4-1772394229": [-0.31065, -0.01341, 0.25012, 0.38544, 0.18184, 0.67891, 0.28866, -0.17164, 0.01377, 0.19566, -0.04814, -0.00306, -0.05585, -0.03583, 0.09548, -0.05919, 0.0332, -0.00482, 0.13631, -0.03995, 0.04951, 0.01649, 0.02284, 0.02006, 0.03388, 0.00606, -0.02474, -0.0044, 0.00092, -0.02497, 0.00262, 0.00884, -0.00318, -0.00656, -0.0007, -0.00844, -0.0], "hyde-street-10-1772390798": [-0.56887, 0.18029, 0.02248, -0.28632, -0.40139, 0.03342, -0.06997, 0.18645, 0.14944, 0.2105, -0.00016, 0.14239, 0.15445, -0.00937, -0.1213, -0.02139, -0.02625, 0.0878, 0.06808, -4e-05, 0.0392, 0.02729, 0.01302, -0.12448, -0.11957, 0.09582, -0.21559, -0.13926, 0.17301, 0.02155, 0.21097, 0.02143, -0.18348, 0.03272, -0.03152, 0.04528, -0.0], "space-riders-galaxy-of-brutality-1-1772313901": [-0.0872, 0.53383, 0.02991, 0.17162, -0.64673, -0.01197, 0.05614, 0.08754, -0.16011, -0.04265, 0.17629, -0.05922, 0.20991, -0.25232, 0.05047, -0.01305, 0.02317, 0.00252, 0.0686, 0.03406, -0.0046, -0.19474, -0.01673, 0.14556, 0.07292, 0.0122, 0.03073, -0.01834, 0.01252, 0.04279, -0.02758, -0.00481, 0.00343, -0.00223, 0.00238, 0.00254, -0.0], "creatures-of-the-id-1-1772261881": [0.28407, 0.7503, -0.36892, -0.0246, 0.23576, -0.04365, 0.07061, 0.03316, -0.00756, -0.02598, -0.01591, 0.06993, -0.26143, -0.19278, -0.09324, 0.11127, 0.08882, -0.01563, 0.02729, 0.04089, -0.03171, 0.09152, -0.00567, 0.02379, 0.02396, 0.03158, -0.02178, -0.0248, -0.01435, -0.00163, 0.002, -0.00824, -0.00048, 0.00142, -0.00248, 0.01178, -0.0], "eightball-13-1772234666": [-0.4378, 0.10893, 0.1089, 0.00877, 0.49242, -0.04668, -0.06345, 0.27723, -0.01299, 0.01043, -0.07069, 0.20081, 0.17382, 0.16107, -0.02257, 0.05783, -0.08883, 0.01804, -0.13025, -0.06995, 0.00887, -0.01659, -0.16395, 0.04096, 0.31856, 0.17136, 0.2372, -0.06092, 0.15804, -0.24198, -0.06212, -0.00454, -0.113, -0.03031, -0.01513, 0.04736, -0.0], "concrete-killer-smile-4-1772080387": [0.49215, -0.00633, 0.19392, -0.63801, 0.13449, 0.06948, -0.05288, 0.02214, -0.24116, 0.00199, -0.10096, -0.09478, -0.16269, 0.03813, 0.15461, 0.18776, 0.0138, -0.07308, -0.07097, -0.16696, 0.09335, -0.17489, 0.15809, 0.09629, -0.04121, 0.0521, -0.00505, 0.03178, 0.01031, -0.01288, 0.05606, -0.01034, -0.00982, 0.00641, -0.03159, -0.01867, -0.0], "stray-bullets-sunshine-roses-17-1771987399": [-0.07488, -0.59999, -0.39995, -0.22542, 0.19298, -0.02764, 0.29352, 0.12911, 0.1624, 0.00802, 0.05642, 0.08932, 0.15615, 0.0303, -0.12861, 0.15733, -0.00238, 0.21641, 0.17162, 0.00359, 0.061, -0.12065, 0.01469, -0.02788, -0.06225, 0.16141, -0.09788, 0.05923, -0.024, -0.00592, -0.12936, -0.11259, 0.08457, -0.01442, 0.03122, 0.04073, -0.0], "lady-killer-1-1771986359": [0.67344, -0.15327, 0.48456, -0.15348, -0.14358, -0.11059, -0.01061, 0.06491, -0.0986, -0.06212, 0.05387, 0.09899, -0.02278, 0.0566, -0.0054, 0.00244, 0.36423, -0.00523, 0.13222, -0.06749, 0.05842, 0.04582, -0.13198, -0.10583, -0.00984, -0.00282, 0.06184, 0.00859, 0.02764, 0.02834, -0.01891, 0.02943, 0.01736, 0.03012, 0.01458, -0.01852, -0.0], "madman-adventures-mini-comic-1-1771975358": [0.52649, 0.10198, -0.0274, -0.10781, 0.22941, -0.29441, 0.38847, 0.11766, -0.18459, 0.02875, -0.19178, -0.2359, 0.26663, 0.16369, 0.10764, 0.05316, -0.10913, -0.13769, 0.10932, 0.09114, 0.11715, 0.19324, -0.13158, 0.13884, 0.0149, 0.00773, -0.05027, -0.03385, -0.032, 0.09319, 0.0394, 0.02186, 0.00261, -0.03962, 0.01369, -0.01054, -0.0], "the-invisible-man-3-1771911481": [-0.56642, 0.18298, 0.05707, 0.41806, 0.43523, -0.03574, -0.18168, 0.15245, -0.1137, 0.04957, 0.02335, 0.14812, 0.05993, -0.01556, 0.01248, -0.07099, 0.01112, 0.05843, -0.10951, 0.1283, 0.20264, -0.00126, 0.15318, -0.01665, -0.14299, 0.05639, 0.15548, -0.02865, 0.03373, 0.15882, -0.03611, 0.01878, 0.006, 0.00157, -0.01467, -0.01051, -0.0], "eerie-93-1771911152": [0.01891, 0.403, -0.23224, -0.21223, 0.02392, -0.26896, 0.00982, -0.11428, 0.26682, 0.28659, 0.03754, 0.13485, -0.27734, 0.18794, -0.04011, -0.27424, -0.2073, -0.20016, 0.25956, 0.05069, -0.06665, -0.20166, -0.1493, 0.05344, -0.13905, 0.01864, 0.11288, 0.14545, 0.08025, -0.01497, 0.01587, 0.06162, 0.04101, 0.01716, -0.02434, -0.01072, -0.0],