{"model_version": "vgg16-gram-3layer-pca256-v1", "dim": 35, "embeddings": {"under-the-trees-where-nobody-sees-rite-of-spring-5-1772599998": [-0.71588, 0.25392, -0.18052, -0.08257, -0.12585, 0.02175, -0.18296, 0.15547, 0.06404, -0.01877, 0.22458, 0.12218, -0.03061, -0.07633, -0.06545, -0.04877, -0.18363, -0.03698, 0.08094, -0.11832, -0.13924, 0.09578, -0.09193, 0.02319, -0.0401, 0.00649, 0.16166, -0.03628, 0.18417, 0.04499, 0.15628, 0.08847, 0.17998, -0.05963, -0.0], "skinbreaker-6-1772599526": [-0.09928, 0.51468, -0.45556, -0.08822, 0.20264, -0.2448, -0.02893, -0.08169, -0.148, -0.03013, 0.32284, -0.06107, -0.12483, 0.31177, 0.09434, 0.10428, -0.00079, 0.13632, -0.19889, 0.22977, -0.01721, 0.09747, 0.0417, 0.0497, -0.03382, -0.04263, 0.083, -0.02603, -0.02583, -0.013, 0.00318, -0.04144, 0.0006, 0.00828, -0.0], "dark-spaces-wildfire-1-1772597937": [-0.26041, 0.26796, 0.03234, -0.45427, 0.00644, 0.27852, 0.3829, -0.02243, -0.00146, 0.20056, -0.10784, -0.10192, 0.17291, 0.2232, 0.16805, -0.20347, -0.10886, 0.13826, 0.07612, -0.04271, -0.06385, 0.17598, 0.13376, -0.27502, 0.04354, -0.07546, -0.13899, 0.09662, 0.02568, 0.10493, 0.00886, -0.0172, 0.01701, -0.03022, -0.0], "the-many-deaths-of-laila-starr-4-1772597713": [-0.40391, 0.08637, 0.26375, -0.13103, -0.29666, -0.14414, 0.25083, -0.34088, 0.18004, -0.02974, 0.14823, -0.08612, 0.15193, -0.10273, -0.19066, -0.03121, -0.05808, -0.18423, -0.01158, 0.25047, 0.04534, -0.05368, -0.01623, -0.08379, -0.1207, -0.2369, -0.14183, -0.1433, -0.09916, -0.1554, -0.12443, 0.15386, 0.12135, -0.0975, -0.0], "heavy-metal-12-1772412303": [-0.11702, -0.43299, -0.15444, -0.04022, -0.18253, -0.23864, 0.10341, -0.45381, 0.04846, -0.26408, -0.3046, -0.37757, -0.09361, -0.12498, -0.00556, 0.0511, -0.19059, 0.03053, -0.12276, -0.09902, 0.01239, 0.16948, 0.06397, 0.12865, -0.01408, 0.05055, 0.01056, 0.10412, 0.02926, -0.00289, -0.03995, 0.0341, 0.02768, 0.04741, -0.0], "absolute-martian-manhunter-8-1772397781": [-0.37212, -0.00722, 0.39437, 0.23128, 0.01229, -0.0167, -0.62871, -0.00157, 0.1676, -0.14863, 0.09126, -0.07108, 0.22283, 0.15159, -0.00853, 0.07704, 0.13528, -0.17193, -0.08072, -0.08961, -0.15268, 0.05994, 0.11127, -0.04032, 0.0517, -0.04444, 0.00459, 0.05438, -0.02931, 0.0334, -0.018, 0.02298, -0.02783, 0.00299, -0.0], "frank-1-1772394369": [-0.57926, -0.34044, 0.06874, 0.22707, -0.26695, -0.12789, 0.02927, 0.07136, -0.12568, 0.05079, -0.01982, -0.22994, -0.05312, 0.10587, -0.03318, -0.07743, 0.27442, 0.1143, 0.32265, 0.18211, 0.02137, -0.02983, -0.11483, 0.08614, 0.11539, -0.08397, 0.0837, 0.16564, 0.0357, -0.00837, -0.01569, 0.04158, 0.01316, 0.0067, -0.0], "red-book-4-1772394229": [-0.30592, -0.0013, -0.33926, 0.46462, -0.27114, 0.55453, 0.13494, -0.25195, -0.19699, 0.16332, 0.08975, -0.0082, -0.03635, 0.05579, -0.05906, -0.01227, 0.04866, -0.11344, -0.07142, -0.08585, 0.03413, -0.02359, 0.00693, 0.01868, -0.01152, 0.0006, 0.02119, 0.00751, -0.01632, 0.00596, -0.00447, -0.01478, -0.00047, 0.00726, -0.0], "hyde-street-10-1772390798": [-0.59271, 0.17196, -0.11428, -0.40642, 0.1648, 0.06135, -0.05898, 0.19751, -0.10569, 0.20351, -0.13959, 0.17361, 0.15869, -0.06789, -0.03496, 0.00562, -0.06601, -0.07288, -0.0768, 0.03025, 0.02136, 0.02959, 0.00889, -0.10346, 0.1655, 0.21951, 0.18065, 0.10553, 0.0034, -0.22172, -0.17781, -0.0299, 0.03241, -0.05957, -0.0], "space-riders-galaxy-of-brutality-1-1772313901": [-0.13923, 0.49008, -0.23783, -0.13781, 0.59676, 0.25485, 0.04188, 0.05871, 0.17573, -0.04808, -0.26047, -0.18288, 0.17222, 0.09503, -0.05526, -0.02667, 0.01744, -0.02924, -0.02564, 0.01757, -0.03188, -0.17297, -0.08624, 0.1228, -0.05155, -0.01151, -0.01486, -0.00183, 0.05051, 0.02031, -0.0037, 0.00852, -0.00208, 0.00413, -0.0], "creatures-of-the-id-1-1772261881": [0.18373, 0.60546, 0.60785, 0.18292, 0.24229, 0.12278, 0.03492, -0.02196, -0.18406, -0.08775, -0.03766, -0.03899, -0.16568, -0.15082, 0.03278, -0.10997, 0.05973, -0.00865, -0.00904, 0.02583, 0.01927, 0.07875, 0.02281, 0.0126, -0.01691, 0.00949, 0.03012, -0.01815, 0.00119, 0.00273, -0.00284, -0.00194, -0.00223, -0.00925, -0.0], "eightball-13-1772234666": [-0.42876, 0.12537, 0.18028, 0.2991, -0.34735, -0.09659, -0.03327, 0.30123, 0.11229, 0.02584, 0.00625, 0.27643, 0.0765, 0.03954, 0.09325, 0.01674, -0.08141, 0.08552, 0.05093, -0.01021, -0.0198, 0.05077, -0.17942, 0.07802, -0.43921, 0.12191, -0.02238, 0.19515, -0.12802, 0.10789, -0.12099, -0.02906, -0.01837, -0.04961, -0.0], "concrete-killer-smile-4-1772080387": [0.51209, 0.15072, 0.19886, -0.46664, -0.40842, 0.08512, -0.08441, 0.01157, 0.14517, 0.0073, 0.242, -0.06335, -0.16709, 0.00829, 0.14468, -0.1769, 0.01619, 0.09742, -0.07664, -0.11388, -0.07162, -0.21535, 0.04463, 0.13137, 0.05711, 0.04698, -0.05376, 0.02838, -0.03845, -0.03912, -0.01366, 0.00239, 0.02819, -0.00198, -0.0], "stray-bullets-sunshine-roses-17-1771987399": [-0.06002, -0.68626, 0.3266, -0.09912, -0.11292, -0.0384, 0.29539, 0.13284, -0.14801, 0.02608, -0.07551, 0.1031, 0.12014, 0.00081, 0.13626, -0.05857, -0.05386, -0.16228, -0.25616, 0.22643, 0.00335, -0.05987, -0.07264, 0.04421, 0.09177, 0.07696, 0.033, 0.00104, -0.01163, 0.13698, 0.08482, 0.10785, -0.0595, -0.02857, -0.0], "lady-killer-1-1771986359": [0.73258, 0.0765, -0.31247, -0.22356, -0.17261, -0.0633, 0.03353, 0.10635, 0.20864, -0.03324, -0.09748, 0.08353, -0.08208, -0.08331, -0.08998, -0.03972, 0.33779, -0.01825, -0.16617, -0.01316, 0.06176, 0.10056, -0.08034, -0.09751, -0.03194, 0.00466, -0.03894, 0.02415, 0.04752, 0.00036, 0.02371, 0.00143, 0.0218, 0.02462, -0.0], "madman-adventures-mini-comic-1-1771975358": [0.51935, 0.14775, 0.29638, 0.04028, -0.04126, -0.08566, 0.42838, 0.11858, 0.25121, 0.03492, 0.2678, -0.07609, 0.26221, 0.08802, 0.17344, 0.14287, 0.01393, -0.11106, 0.09202, -0.14903, 0.22548, 0.1285, -0.05436, 0.12656, 0.0383, 0.00852, 0.01786, -0.06136, 0.06026, -0.04934, -0.00062, -0.03011, -0.0331, 0.01796, -0.0], "the-invisible-man-3-1771911481": [-0.55913, 0.14736, 0.05688, 0.60375, -0.10927, -0.06553, -0.15948, 0.15509, 0.18127, 0.05263, -0.04189, 0.12178, -0.03649, 0.04757, -0.11175, -0.00272, -0.07255, 0.12443, -0.03355, 0.12536, 0.17361, -0.04816, 0.18628, 0.03522, 0.04943, 0.1063, -0.16387, -0.01579, 0.12888, 0.00435, 0.00129, 0.0069, 0.01819, 0.00671, -0.0], "eerie-93-1771911152": [-0.03828, 0.35727, 0.34605, -0.12488, 0.20352, -0.25882, 0.06879, -0.1012, -0.29624, 0.26092, -0.01419, 0.0971, -0.2578, -0.01301, -0.04755, 0.47367, -0.06197, -0.09785, -0.03389, -0.098, -0.0755, -0.09637, -0.1803, -0.02658, 0.09212, -0.05947, -0.20509, 0.14868, 0.02863, -0.00199, 0.04226, -0.03022, 0.03704, 0.0006, -0.0], "zap-2-1771906187": [0.22148, -0.36129, 0.20511, -0.41762, 0.17586, 0.43981, -0.19862, -0.20391, 0.03614, -0.15306, 0.2637, 0.07058, 0.16001, -0.20008, -0.18148, 0.11784, -0.05671, 0.1988, 0.00107, 0.07498, 0.15701, -0.01291, -0.02452, -0.02622, 0.00933, -0.03586, 0.03388, 0.06674, -0.01018, 0.05487, 0.02089, -0.03469, -0.0195, 0.01651, -0.0], "heavy-metal-6-1771820851": [-0.30914, -0.51325, -0.08867, 0.36709, 0.13873, 0.26064, -0.00487, -0.13962, 0.16469, 0.01036, -0.01932, -0.07955, 0.0176, -0.20191, 0.34057, 0.20942, 0.1355, 0.2041, 0.03012, 0.06107, -0.20857, 0.01099, -0.0841, -0.07667, 0.00671, 0.09416, -0.04802, -0.14441, 0.01737, -0.04054, -0.01711, -0.00214, 0.01911, -0.0307, -0.0], "heavy-metal-6-1771820424": [-0.72053, 0.00306, -0.08308, 0.25023, 0.21967, -0.05887, 0.15582, 0.27037, 0.28747, 0.1341, -0.1101, -0.04194, -0.09553, -0.08908, -0.03832, 0.04695, -0.01418, 0.10715, -0.03938, -0.10796, 0.075, -0.01078, 0.09057, -0.01875, 0.02986, -0.06276, 0.07224, 0.0339, -0.22509, -0.06133, 0.14282, 0.03546, -0.00721, -0.02123, -0.0],