{"model_version": "vgg16-gram-3layer-pca256-v1", "dim": 39, "embeddings": {"heavy-liquid-1-1773021261": [-0.4352, -0.03745, 0.20937, -0.31874, -0.08365, -0.10727, -0.15135, -0.02176, 0.26707, 0.30015, 0.16976, 0.01741, 0.01786, -0.09323, -0.00622, 0.32937, 0.10393, -0.11281, 0.05066, 0.12912, 0.09249, -0.02947, -0.14876, -0.06644, -0.20602, -0.08698, 0.04241, 0.07204, -0.09685, 0.06809, -0.134, -0.35323, -0.01869, -0.04584, 0.11877, 0.02291, -0.03577, -0.05453, 0.0], "heavy-liquid-3-1773012418": [0.4088, -0.22485, 0.65459, 0.09982, -0.26932, -0.00699, -0.27717, -0.05265, 0.05707, 0.16863, 0.25929, -0.022, -0.03586, -0.11869, -0.10178, 0.09409, 0.07085, -0.00853, 0.02306, 0.00967, -0.03629, -0.04521, 0.04637, 0.07771, -0.03554, -0.0139, -0.08905, -0.11722, 0.00284, -0.08266, 0.05917, 0.05073, -0.05559, 0.0077, -0.01181, -0.02302, -0.00092, 0.02388, 0.0], "under-the-trees-where-nobody-sees-rite-of-spring-6-1773012198": [-0.81183, 0.18074, -0.33712, 0.12944, -0.12018, -0.1135, 0.02854, 0.01129, -0.06486, -0.03773, -0.09533, 0.06211, -0.03409, 0.04418, 0.08666, 0.10584, -0.04672, -0.02482, -0.08872, -0.09473, -0.06767, -0.0106, -0.03581, -0.01264, 0.04458, -0.06427, -0.02942, -0.09817, 0.05931, -0.00389, 0.10636, -0.07486, -0.02897, 0.08426, -0.02828, -0.13342, -0.12644, -0.06186, 0.0], "the-nice-house-by-the-sea-8-1772918924": [-0.5334, 0.04449, 0.00077, 0.56701, -0.13228, -0.2741, 0.07827, -0.01756, -0.29116, -0.11331, -0.04718, 0.09544, 0.0096, 0.08681, -0.03167, 0.0685, -0.12164, 0.06254, 0.03575, 0.02831, 0.00664, 0.05649, 0.11236, -0.00591, 0.06515, 0.1031, -0.09934, -0.25186, 0.03325, 0.09317, -0.11581, -0.08257, 0.00359, -0.07807, 0.01561, 0.07554, 0.05825, -0.01878, 0.0], "space-riders-2-1772905823": [0.70872, 0.46205, 0.38765, 0.07138, 0.00766, 0.14279, 0.07702, -0.02657, 0.0965, -0.11011, -0.04289, 0.06561, -0.07169, 0.19091, -0.09998, 0.01959, -0.00073, 0.00177, -0.12169, -0.0296, 0.05784, -0.01556, -0.00724, -0.03069, -0.0265, -0.01974, 0.00725, 0.00517, 0.02016, 0.01056, 0.00067, -0.00115, -0.00637, -0.01228, 0.00166, -0.00264, -0.00104, -0.00823, 0.0], "under-the-trees-where-nobody-sees-rite-of-spring-5-1772599998": [-0.72414, 0.21791, -0.21266, -0.03627, -0.14926, 0.08081, -0.15742, 0.17446, -0.05811, -0.0538, -0.11604, -0.25621, 0.0371, 0.02918, -0.048, -0.03903, -0.08374, -0.14282, -0.14073, -0.08768, -0.06527, -0.03434, -0.10642, 0.08465, 0.0339, -0.05009, 0.0724, -0.04677, -0.06229, -0.005, 0.10821, 0.02674, -0.16201, 0.04832, 0.1075, 0.23884, -0.0388, 0.03468, 0.0], "dark-spaces-wildfire-1-1772597937": [-0.24865, 0.25171, -0.09646, -0.38571, -0.27077, 0.1284, 0.42905, -0.04202, -0.0169, 0.23532, 0.05781, 0.10864, -0.10325, -0.04203, 0.14377, -0.40735, -0.04935, -0.04571, 5e-05, 0.0676, -0.10878, 0.13173, -0.05134, -0.14086, -0.22964, 0.02307, -0.12847, -0.02756, 0.14635, -0.01736, -0.04608, 0.03784, -0.10857, -0.03621, 0.02563, 0.00246, -0.02389, 0.01876, 0.0], "the-many-deaths-of-laila-starr-4-1772597713": [-0.41858, 0.0835, -0.1415, -0.35785, 0.19246, -0.13778, 0.07752, -0.39762, -0.08576, 0.08973, 0.17268, -0.15651, -0.22177, -0.12754, -0.05021, 0.23645, 0.09756, -0.08511, -0.13569, 0.01866, -0.02848, 0.04828, 0.02141, -0.12113, 0.00912, -0.17254, -0.10689, 0.03503, 0.10019, 0.16159, 0.00329, 0.06475, 0.18492, 0.03168, -0.22866, 0.1655, -0.04865, 0.04598, 0.0], "heavy-metal-12-1772412303": [-0.17413, -0.45455, -0.17056, 0.00379, 0.02223, -0.09698, 0.03459, -0.50798, 0.01796, -0.39449, -0.02232, 0.36133, -0.16301, -0.09753, 0.15156, 0.04854, -0.00043, -0.13819, -0.02189, -0.101, 0.11293, 0.05866, -0.00423, 0.18124, -0.06315, 0.03426, -0.02033, 0.0861, 0.00319, -0.12923, 0.01328, -0.02139, -0.051, -0.0177, -0.02692, 0.03961, 0.03859, -0.02319, 0.0], "absolute-martian-manhunter-8-1772397781": [-0.33327, 0.08815, 0.32037, -0.01877, 0.34101, 0.06294, -0.58436, 0.10774, -0.28959, -0.11815, 0.12195, -0.09324, -0.18269, 0.04606, 0.00395, -0.07986, -0.08981, 0.06358, 0.12832, -0.2501, -0.13034, 0.08302, 0.0012, -0.04447, -0.07374, 0.00772, 0.07885, 0.06119, 0.04571, 0.00566, -0.06823, -0.03356, 0.00028, 0.01746, -0.02094, -0.01815, 0.01176, -0.00054, 0.0], "frank-1-1772394369": [-0.5952, -0.28478, -0.04304, 0.00814, 0.35528, 0.05307, -0.05143, 0.02528, 0.20357, -0.0214, -0.01759, 0.15235, -0.17685, -0.06943, -0.21538, -0.0613, 0.04456, 0.25685, -0.09256, 0.30901, -0.15689, -0.01754, -0.08162, 0.06003, 0.09091, 0.04322, 0.16703, -0.01097, 0.15363, -0.07241, 0.00214, -0.05012, -0.02012, 0.00815, -0.02815, 0.02418, 0.00731, -0.01017, 0.0], "red-book-4-1772394229": [-0.31635, 0.01592, -0.26494, 0.40747, 0.16984, 0.67438, 0.15772, -0.21743, 0.07576, 0.2225, -0.04202, -0.04979, 0.00469, -0.11043, -0.10256, 0.0163, -0.01867, 0.01746, 0.0737, -0.10982, 0.0552, 0.02191, 0.02605, 0.01412, 0.02878, -0.01574, 0.01232, -0.01782, -0.01235, -0.01088, -0.02354, -0.00244, 0.00284, -0.00922, 0.00461, -0.0071, -0.00091, -0.00835, 0.0], "hyde-street-10-1772390798": [-0.57623, 0.16619, 0.09235, -0.22967, -0.43678, 0.03288, -0.00996, 0.18979, 0.15647, 0.19304, -0.01809, -0.01171, 0.09123, 0.11516, 0.1496, -0.01328, -0.03258, -0.03414, -0.04358, -0.0925, 0.04379, 0.08035, 0.00687, -0.13035, 0.02064, 0.19486, 0.16237, -0.06949, -0.09352, -0.22704, 0.09662, -0.06486, 0.15404, -0.13616, -0.1296, 0.03905, -0.02751, 0.04315, 0.0], "space-riders-galaxy-of-brutality-1-1772313901": [-0.08192, 0.50148, 0.25208, 0.25131, -0.59008, -0.00446, 0.16607, 0.09489, -0.14387, 0.05637, 0.19484, 0.16116, -0.13189, -0.16045, 0.11261, -0.10671, -0.01922, 0.00607, 0.04449, -0.00795, -0.00799, -0.13992, 0.03075, 0.02944, 0.1598, -0.01098, 0.05817, 0.13219, -0.00471, 0.06532, 0.0008, -0.01965, 0.0068, 0.0036, 0.00125, 0.00852, 0.0043, -0.00633, 0.0], "creatures-of-the-id-1-1772261881": [0.27381, 0.74181, 0.28091, -0.11338, 0.34708, -0.03621, 0.09384, 0.03085, -0.01792, -0.08922, -0.13293, -0.00056, 0.14859, -0.21961, 0.11792, 0.02117, 0.1403, 0.06957, 0.03213, 0.0029, -0.03937, 0.08735, -0.01027, 0.04891, 0.01851, 0.00253, -0.01288, -0.03389, -0.039, -0.00727, 0.00243, -0.00862, -0.00744, 0.00516, -0.00277, -2e-05, -0.0042, 0.01329, 0.0], "eightball-13-1772234666": [-0.44878, 0.14621, -0.25921, -0.01204, 0.4155, -0.04837, -0.12916, 0.26366, 0.01117, 0.07313, 0.14316, -0.08671, 0.13273, 0.24458, 0.01121, -0.09045, -0.02037, -0.05161, -0.09765, 0.02993, 0.01395, -0.07342, -0.11789, 0.07232, 0.26474, -0.1233, -0.28194, 0.12005, -0.05094, -0.20096, -0.22172, -0.02436, -0.06926, -0.07534, -0.06869, -0.03152, -0.02029, 0.05227, 0.0], "concrete-killer-smile-4-1772080387": [0.47113, 0.04568, -0.35884, -0.59089, -0.01714, 0.08317, -0.05413, 0.04127, -0.26789, -0.05791, -0.13293, -0.0891, -0.03965, -0.03943, -0.1457, -0.15215, 0.1295, 0.03566, 0.00437, -0.01786, 0.07799, -0.23806, 0.19099, 0.07673, -0.05805, 0.04195, -0.02898, -0.03228, 0.00619, -0.02623, -0.01318, -0.06164, 0.03311, -0.00246, -0.00409, 0.00349, -0.03289, -0.02291, 0.0], "stray-bullets-sunshine-roses-17-1771987399": [-0.07736, -0.60786, 0.16535, -0.3292, 0.32003, -0.01678, 0.27799, 0.07813, 0.20696, 0.08023, 0.15811, 0.04028, 0.02972, 0.09788, 0.10161, 0.03658, 0.21703, -0.09867, -0.05513, -0.15766, 0.05502, -0.03733, 0.05887, -0.09464, 0.12707, 0.19813, 0.05072, -0.03815, 0.02926, 0.08306, -0.06212, -0.00818, -0.09719, 0.13874, -0.00229, -0.01185, 0.03108, 0.04712, 0.0], "lady-killer-1-1771986359": [0.66038, -0.10326, -0.46528, -0.05155, -0.29993, -0.10956, -0.01731, 0.06564, -0.08788, -0.008, 0.09122, 0.04998, 0.09517, -0.00074, -0.06663, 0.09959, 0.11964, 0.31585, 0.03923, -0.12949, 0.10446, 0.04581, -0.15299, -0.08212, 0.00434, 0.0073, -0.04673, 0.03827, 0.03574, -0.01252, 0.03785, 0.03226, -0.02205, -0.00657, 0.02256, 0.02642, 0.01638, -0.01804, 0.0],