{"model_version": "vgg16-gram-3layer-pca256-v1", "dim": 41, "embeddings": {"faithless-ii-5-1773104441": [-0.2714, -0.23486, 0.03146, 0.24714, -0.27788, -0.47416, 0.10737, 0.25058, 0.1403, -0.0585, 0.02068, -0.00653, -0.09051, -0.29176, 0.1061, -0.07861, -0.04655, -0.29932, 0.04151, -0.3344, -0.09269, 0.09323, -0.06258, -0.10398, -0.04558, -0.1164, 0.07252, 0.10318, 0.08514, -0.0498, 0.09846, 0.04309, 0.05378, 0.01869, 0.01763, -0.02542, 0.05697, -0.02676, -0.00894, -0.00683, 0.0], "fatale-2-1773102971": [-0.5505, -0.1006, 0.03364, 0.60387, 0.0546, -0.08587, -0.12649, 0.19746, 0.07207, -0.14811, -0.06911, 0.13675, -0.02257, 0.056, 0.1174, -0.00318, -0.01782, 0.07646, -0.07394, -0.20631, 0.01863, 0.01802, 0.06059, 0.06896, -0.18604, 0.12752, -0.10449, -0.02488, -0.02588, -0.00381, -0.08859, -0.06251, 0.0466, -0.06328, -0.16209, 0.01123, -0.0801, 0.09787, 0.01916, 0.0239, 0.0], "heavy-liquid-1-1773021261": [-0.39554, -0.00617, 0.19493, -0.38606, -0.07357, 0.07299, -0.18954, -0.15019, -0.21973, 0.26871, 0.13949, 0.08906, -0.01626, -0.16324, 0.05476, -0.31825, 0.10308, -0.04895, 0.00499, 0.06207, 0.15713, 0.06728, -0.04142, -0.1341, -0.02376, -0.09901, -0.16974, -0.09712, -0.01256, -0.11122, -0.18363, -0.24296, 0.23812, 0.09664, 0.04186, 0.10213, 0.07598, 0.0028, -0.03577, -0.05654, 0.0], "heavy-liquid-3-1773012418": [0.4192, -0.2259, 0.65227, 0.05632, -0.23684, 0.21872, -0.21435, 0.01204, -0.0751, 0.18213, 0.24887, 0.03591, -0.05157, -0.10786, -0.09272, -0.09968, 0.06866, 0.01559, 0.00304, -0.03309, 0.01968, -0.03617, -0.01573, 0.08906, -0.08387, -0.01801, -0.04448, -0.01627, -0.11508, 0.05788, 0.08672, 0.06392, -0.00643, -0.06627, 0.01363, -0.01344, -0.01001, -0.02506, -0.00416, 0.02129, 0.0], "under-the-trees-where-nobody-sees-rite-of-spring-6-1773012198": [-0.81224, 0.18772, -0.33912, 0.13472, -0.12351, -0.08524, -0.04956, -0.01292, 0.04062, -0.03451, -0.10061, 0.03724, -0.02181, 0.03016, 0.08923, -0.08484, -0.03835, 0.01694, -0.07625, 0.06325, -0.10073, -0.07609, -0.01449, -0.0305, -0.00489, 0.02427, 0.03939, -0.02922, -0.11329, 0.10367, -0.06161, 0.06592, 0.07288, -0.00907, -0.00601, -0.08426, -0.04347, -0.11233, -0.13921, -0.07764, 0.0], "the-nice-house-by-the-sea-8-1772918924": [-0.54943, 0.02118, 0.02002, 0.60712, -0.13451, -0.24539, -0.10372, 0.06872, 0.16702, -0.06092, -0.04362, 0.04478, 0.05184, 0.12951, -0.04138, -0.07042, -0.11337, 0.07814, 0.04801, -0.01988, 0.02638, 0.02332, 0.06651, 0.08993, 0.01538, 0.10951, -0.02114, 0.13433, -0.16386, 0.04323, -0.01777, -0.05714, -0.06998, 0.11128, 0.21101, 0.07341, 0.06105, 0.00052, 0.0564, -0.02685, 0.0], "space-riders-2-1772905823": [0.71488, 0.45378, 0.38829, 0.07674, 0.01153, 0.07194, 0.1457, -0.01064, -0.07944, -0.13068, -0.04898, 0.0553, -0.05363, 0.18653, -0.05108, -0.06438, -0.00872, -0.04309, -0.10136, -0.02631, -0.05931, 0.07194, -0.03571, -0.03732, 0.0194, -0.03385, -0.00528, 0.00248, 0.01197, 0.01197, -0.0104, 0.00165, 0.00237, -0.00369, 0.00629, 0.00984, -0.00294, -0.00168, -0.0011, -0.0085, 0.0], "under-the-trees-where-nobody-sees-rite-of-spring-5-1772599998": [-0.70089, 0.2412, -0.21864, -0.08268, -0.13262, 0.19992, -0.06587, -0.08506, 0.16068, -0.01892, -0.06629, -0.28918, 0.02569, 0.03415, -0.03951, 0.01947, -0.09359, -0.09059, -0.15961, 0.11494, -0.07572, -0.10166, -0.02267, -0.0442, -0.0745, -0.03296, 0.0726, 0.00913, -0.08397, -0.03835, -0.03555, 0.07513, 0.04498, -0.17185, 0.02457, 0.02183, 0.2057, 0.17194, -0.0279, 0.04407, 0.0], "dark-spaces-wildfire-1-1772597937": [-0.21631, 0.26813, -0.10657, -0.38553, -0.30608, -0.17839, 0.39167, 0.00816, -0.03445, 0.20248, 0.00891, 0.16979, -0.10149, -0.00205, 0.07493, 0.42407, -0.06307, -0.06477, -0.02518, -0.10655, 0.0554, -0.08187, 0.10462, -0.11353, 0.0569, -0.03655, -0.26456, -0.04133, 0.00657, 0.15487, 0.00287, -0.03793, -0.05429, -0.09621, 0.06598, 0.04971, 0.00247, -0.00823, -0.02489, 0.01634, 0.0], "the-many-deaths-of-laila-starr-4-1772597713": [-0.38833, 0.10463, -0.15346, -0.35889, 0.15459, -0.26746, -0.02748, 0.32825, -0.19977, 0.13364, 0.19219, -0.11343, -0.24172, -0.12379, -0.03214, -0.22669, 0.09776, -0.01727, -0.15651, -0.0387, -0.0032, -3e-05, 0.02038, -0.05001, 0.07592, -0.01171, 0.02968, -0.15651, 0.0167, 0.08279, -0.12489, 0.07205, -0.1938, 0.18797, 0.08422, -0.14523, -0.08416, 0.1935, -0.02718, 0.06253, 0.0], "heavy-metal-12-1772412303": [-0.166, -0.45957, -0.17341, 0.01854, 0.01768, -0.15581, -0.04824, 0.37936, -0.3381, -0.40329, -0.03969, 0.2906, -0.11325, -0.07322, 0.03779, 0.01736, 0.02253, -0.00366, -0.03537, 0.33492, -0.03395, 0.0365, 0.10447, 0.0816, -0.05167, -0.08766, -0.01918, -0.04347, 0.0665, 0.03074, 0.11915, -0.0044, 0.06388, -0.03578, 0.05027, -0.006, 0.00822, 0.02662, 0.0414, -0.02208, 0.0], "absolute-martian-manhunter-8-1772397781": [-0.31489, 0.10658, 0.3173, -0.05579, 0.37198, 0.32727, -0.3947, 0.20252, 0.33877, -0.07202, 0.15464, -0.09805, -0.18192, 0.04667, -0.01815, 0.0711, -0.08877, -0.01747, 0.17732, 0.01345, -0.24499, -0.12403, 0.07651, -0.02702, 0.08433, -0.05925, -0.03525, 0.02975, 0.06988, 0.01654, -0.03221, -0.08425, 0.01323, 0.00779, -0.00258, -0.02622, -0.0154, -0.01291, 0.01085, -0.00088, 0.0], "frank-1-1772394369": [-0.57663, -0.26066, -0.05038, -0.07191, 0.38645, 0.12371, -0.00191, -0.1327, -0.13617, -0.05472, -0.0409, 0.15092, -0.15764, 0.02502, -0.25482, 0.04211, 0.05981, 0.23288, -0.05668, -0.1539, 0.24344, -0.14467, -0.06941, -0.10662, 0.03071, -0.05294, 0.16068, 0.17051, 0.06354, 0.13056, 0.02417, -0.03245, 0.08427, -0.01045, 0.00471, -0.03024, 0.00662, 0.02514, 0.00917, -0.00829, 0.0], "red-book-4-1772394229": [-0.30554, 0.02064, -0.2594, 0.33002, 0.20371, 0.42766, 0.58, 0.17266, -0.1839, 0.2284, -0.04342, -0.04281, -0.01245, -0.10912, -0.10946, -0.02963, -0.02105, 0.00214, 0.08163, 0.00783, -0.09534, 0.05538, 0.037, 0.03282, -0.0213, 0.01109, 0.0281, 0.00439, -0.0223, -0.00879, 0.00612, -0.02688, 0.00036, 0.00076, -0.00772, 0.01065, -0.00752, -0.00143, -0.00041, -0.00797, 0.0], "hyde-street-10-1772390798": [-0.54008, 0.19212, 0.08251, -0.29138, -0.42327, 0.1419, 0.00065, -0.25961, -0.01172, 0.16847, -0.03662, 0.01737, 0.08128, 0.06985, 0.17124, 0.02854, -0.03024, -0.03325, -0.02695, 0.09613, -0.08827, 0.03352, 0.06025, -0.04331, 0.19036, 0.08972, -0.02282, 0.17723, -0.06334, -0.0394, 0.20546, 0.05433, 0.1696, 0.1344, -0.05022, 0.02548, -0.14091, 0.11954, -0.01121, 0.05991, 0.0], "space-riders-galaxy-of-brutality-1-1772313901": [-0.07046, 0.4872, 0.26508, 0.26984, -0.59934, -0.05145, 0.12563, -0.05203, 0.14172, 0.07049, 0.16707, 0.1904, -0.11588, -0.10831, 0.01171, 0.16218, -0.0031, 0.06911, 0.04756, 0.1167, 0.01647, -0.03613, -0.12039, 0.08103, 0.00968, 0.08016, 0.14994, -0.03423, 0.10884, -0.04092, -0.07826, -0.0079, 0.00405, 0.00965, -0.00285, 0.00025, 0.00062, 0.00895, 0.0058, -0.00531, 0.0], "creatures-of-the-id-1-1772261881": [0.29126, 0.74267, 0.2782, -0.0921, 0.3204, -0.14388, 0.05309, 0.00084, 0.0418, -0.09748, -0.1205, -0.03958, 0.13481, -0.22383, 0.06359, 0.03651, 0.15347, 0.10317, 0.03513, -0.00396, 0.00993, -0.04461, 0.09404, -0.00233, -0.02833, 0.00077, 0.01745, 0.0037, -0.03827, -0.02675, 0.01751, 0.00512, 0.0078, 0.00065, 0.01361, -0.00699, 0.00632, -0.0064, -0.00573, 0.01178, 0.0], "eightball-13-1772234666": [-0.41871, 0.17321, -0.26508, -0.06229, 0.43319, 0.06871, -0.11861, -0.20891, 0.15972, 0.08062, 0.1454, -0.048, 0.12603, 0.20266, 0.08617, 0.0474, -0.03957, -0.10963, -0.10697, -0.068, 0.00843, 0.01948, -0.07391, -0.07583, -0.20906, 0.14958, 0.19285, -0.26804, 0.05817, 0.00148, 0.25499, -0.19551, -0.0031, -0.01479, 0.13138, 0.01501, -0.06022, -0.03368, -0.02537, 0.04686, 0.0],